monthly_spend,subscription_tier,support_tickets,tenure_months,churned
47.02,1,1,35.4,1
98.05,3,1,24.8,0
77.94,2,0,18.0,0
84.57,2,0,48.7,0
52.69,1,1,5.0,0
52.14,1,1,17.5,0
48.6,1,2,3.3,0
103.6,3,0,1.8,0
82.58,2,0,21.8,0
75.83,2,0,12.5,0
60.92,1,3,7.6,1
112.85,3,0,49.4,0
107.1,3,1,10.6,0
46.94,1,2,35.2,1
49.54,1,2,2.7,1
48.8,1,0,20.3,0
55.58,1,2,10.3,1
80.93,2,0,1.2,1
46.34,1,0,8.6,0
59.45,1,4,19.3,1
80.25,2,1,19.9,1
53.84,1,2,32.9,1
46.96,1,4,15.3,1
51.82,1,4,5.7,0
51.56,1,1,13.2,0
70.55,2,0,9.6,0
60.08,1,3,10.5,1
86.45,2,0,51.9,0
78.01,2,0,32.2,0
44.49,1,0,7.1,0
81.74,2,2,9.0,0
50.43,1,0,49.0,0
51.78,1,1,55.8,0
110.96,3,1,12.8,0
112.53,3,0,1.7,0
117.24,3,1,20.5,0
52.84,1,2,2.8,0
44.75,1,4,0.6,1
86.81,2,0,30.0,0
58.2,1,2,38.9,0
65.76,1,0,25.3,0
44.38,1,1,21.4,0
51.21,1,0,14.1,0
99.59,3,0,46.5,0
52.77,1,2,25.8,1
77.26,2,1,3.2,1
59.62,1,3,1.2,1
76.13,2,1,1.1,0
71.55,2,0,4.7,0
47.64,1,1,28.0,1
100.12,3,0,31.4,0
83.76,2,0,26.7,0
99.67,3,2,49.8,0
110.14,3,1,30.7,0
69.61,2,0,23.7,0
108.4,3,3,10.5,0
58.22,1,1,30.8,1
51.8,1,4,21.2,1
45.68,1,0,6.5,0
49.84,1,2,16.1,1
50.09,1,0,12.4,1
52.36,1,2,13.9,1
103.17,3,0,55.2,0
52.96,1,3,11.3,1
36.48,1,0,21.5,1
76.85,2,1,4.3,0
47.56,1,1,34.1,0
113.17,3,0,45.6,0
50.11,1,2,30.3,0
102.97,3,0,36.0,0
75.08,2,0,54.0,0
50.99,1,3,12.7,0
49.6,1,3,6.8,0
107.1,3,0,41.7,0
77.6,2,0,49.5,0
83.48,2,0,51.2,0
77.41,2,0,5.1,1
49.56,1,1,50.2,0
60.85,1,2,16.1,1
42.88,1,2,1.3,1
100.74,3,0,46.0,0
83.92,2,1,11.6,0
46.61,1,1,15.0,0
48.41,1,1,24.3,0
46.09,1,4,13.3,1
48.7,1,3,17.2,1
87.99,2,0,11.0,0
84.01,2,0,18.3,0
114.31,3,0,2.2,0
42.92,1,4,10.8,1
44.24,1,1,12.1,1
65.8,2,1,16.7,1
75.95,2,1,49.4,0
84.78,2,0,25.6,0
82.58,2,0,44.1,0
48.89,1,2,18.0,0
79.89,2,1,4.3,0
46.56,1,2,22.9,1
51.02,1,1,39.3,0
53.83,1,4,5.3,1
41.92,1,2,30.6,1
81.5,2,1,10.3,0
54.66,1,2,38.8,1
77.92,2,1,26.2,1
113.5,3,1,48.6,0
64.07,1,5,13.7,1
49.48,1,1,18.6,0
81.97,2,1,5.4,0
46.31,1,2,11.4,0
50.91,1,2,6.5,0
52.3,1,1,15.4,0
50.97,1,2,18.6,1
104.9,3,0,54.5,0
111.03,3,0,52.4,0
87.31,2,1,43.4,0
112.24,3,1,2.4,0
114.81,3,1,21.1,0
48.81,1,0,41.3,0
113.75,3,0,8.6,0
81.4,2,2,48.3,0
105.25,3,1,55.0,0
111.59,3,0,21.9,0
45.04,1,4,22.3,1
46.84,1,3,9.7,0
50.95,1,0,24.6,1
51.49,1,2,2.3,0
104.05,3,3,9.9,0
115.27,3,1,42.9,0
52.86,1,1,36.2,1
76.48,2,0,38.8,0
42.31,1,2,2.7,1
49.28,1,1,19.6,1
47.77,1,2,28.0,1
50.57,1,1,23.5,1
108.18,3,0,53.4,0
39.96,1,1,37.7,1
78.06,2,0,42.0,0
78.47,2,0,34.8,1
53.17,1,0,8.1,0
106.51,3,1,10.8,0
118.39,3,0,49.4,0
40.44,1,5,5.9,1
56.56,1,3,12.0,1
48.88,1,4,3.8,1
54.3,1,1,2.5,0
50.4,1,2,20.3,0
85.7,2,1,25.8,0
78.06,2,0,29.7,0
44.51,1,0,13.6,1
57.1,1,2,7.4,0
109.43,3,2,31.6,0
51.11,1,4,17.9,1
56.17,1,3,26.4,1
44.84,1,1,45.7,1
112.98,3,0,26.9,0
47.05,1,1,8.4,1
79.34,2,1,31.3,0
80.36,2,0,10.9,0
42.5,1,2,33.8,0
76.11,2,0,14.3,0
56.76,1,1,38.5,0
84.43,2,0,56.3,0
79.69,2,0,47.4,0
81.22,2,1,17.1,0
48.53,1,0,18.5,0
116.78,3,1,5.1,0
49.0,1,2,5.6,1
51.16,1,3,6.5,0
55.73,1,3,26.9,1
76.11,2,0,42.8,0
87.79,2,0,34.1,1
42.35,1,0,4.5,0
88.15,2,0,21.1,0
48.14,1,1,18.0,0
78.79,2,2,7.2,0
40.55,1,2,22.4,0
77.73,2,1,18.7,0
44.8,1,1,1.7,1
106.96,3,0,53.1,0
49.31,1,2,7.2,1
54.79,1,0,45.1,0
51.04,1,4,9.6,0
111.54,3,0,53.8,0
104.52,3,1,10.0,0
45.6,1,0,12.3,0
88.99,2,1,7.3,0
106.32,3,0,19.3,0
88.28,2,0,33.6,0
78.78,2,0,21.6,1
50.01,1,4,10.6,1
55.35,1,2,17.4,1
116.36,3,2,35.0,0
109.45,3,0,37.8,0
78.06,2,0,49.5,0
49.72,1,1,38.1,1
51.69,1,3,34.6,0
84.46,2,0,40.5,0
110.02,3,0,45.0,0
113.09,3,3,8.9,0
88.19,2,1,12.8,0
81.91,2,0,41.6,0
51.56,1,1,7.0,1
42.41,1,2,14.0,1
96.85,3,0,58.8,0
81.94,2,0,13.7,0
49.53,1,0,17.6,1
47.43,1,0,23.3,0
81.22,2,0,55.9,0
49.7,1,2,17.8,0
55.64,1,0,28.8,0
80.43,2,0,12.0,0
76.27,2,1,31.8,0
84.95,2,0,51.6,0
48.91,1,6,8.7,1
82.63,2,0,48.8,0
47.61,1,2,7.9,1
46.75,1,2,5.3,0
80.42,2,1,22.7,1
80.06,2,0,16.1,0
112.4,3,0,11.3,0
78.66,2,0,36.5,0
70.82,2,0,42.6,0
47.84,1,2,24.3,0
53.97,1,1,3.3,0
48.51,1,1,54.6,0
48.77,1,0,44.1,0
114.93,3,0,17.0,0
46.44,1,3,11.8,1
102.29,3,0,2.6,0
79.2,2,0,21.0,0
77.58,2,0,31.8,0
75.17,2,0,31.5,0
79.12,2,1,13.3,0
52.46,1,5,6.2,1
49.95,1,2,18.6,0
81.53,2,0,35.2,0
59.07,1,5,6.4,1
48.29,1,2,4.7,1
81.39,2,0,13.2,0
47.45,1,0,28.1,1
105.77,3,0,26.1,0
107.08,3,1,2.0,0
107.61,3,1,2.7,0
51.8,1,4,2.2,1
61.75,1,4,4.3,1
106.42,3,0,35.5,0
47.92,1,4,15.8,1
109.68,3,2,39.6,0
111.98,3,0,57.2,0
111.32,3,0,32.2,0
56.42,1,0,47.5,0
37.87,1,4,2.3,1
98.07,3,1,55.4,0
47.52,1,5,13.6,0
55.49,1,1,49.8,0
72.17,2,0,54.4,0
94.96,3,1,24.2,0
82.86,2,0,19.5,0
81.22,2,0,57.2,0
44.55,1,3,25.0,1
75.07,2,0,23.5,0
105.15,3,0,47.7,0
50.55,1,1,8.9,1
76.87,2,0,11.4,0
112.47,3,2,33.1,0
65.73,2,0,34.4,0
75.72,2,2,9.8,1
74.37,2,1,28.0,0
48.72,1,3,31.3,1
47.31,1,2,7.7,1
113.99,3,5,34.9,0
100.7,3,2,3.2,1
110.23,3,0,23.7,0
112.79,3,1,51.6,0
89.28,2,1,13.7,0
77.59,2,0,48.8,0
81.62,2,0,17.7,0
70.98,2,0,3.0,0
68.04,2,1,7.5,0
84.22,2,0,45.0,0
109.97,3,0,16.5,0
55.89,1,1,20.4,1
43.13,1,2,22.5,1
52.6,1,1,21.4,0
89.34,2,0,28.5,1
52.1,1,4,8.3,1
51.38,1,2,56.9,0
80.04,2,1,19.9,0
42.15,1,0,11.8,0
86.78,2,1,22.6,0
46.95,1,7,5.3,1
52.52,1,1,20.1,1
102.18,3,0,55.5,0
44.1,1,1,11.8,1
57.18,1,2,14.1,1
78.26,2,0,27.9,0
87.27,2,0,45.1,0
49.61,1,1,14.8,1
70.79,2,1,20.9,0
54.46,1,2,27.2,0
47.05,1,1,10.2,1
83.49,2,0,22.2,0
80.13,2,0,29.4,0
72.28,2,0,54.4,0
80.82,2,0,48.3,0
120.98,3,0,15.4,0
82.46,2,0,20.2,0
49.71,1,2,1.0,1
85.38,2,0,36.6,1
51.05,1,1,16.3,1
51.05,1,1,18.9,1
44.54,1,3,6.1,1
51.17,1,1,1.6,0
115.18,3,0,42.2,0
105.82,3,1,24.0,0
87.12,2,1,38.3,0
49.54,1,4,14.7,1
45.56,1,3,4.4,1
54.99,1,0,56.7,0
48.57,1,2,2.4,0
83.8,2,0,43.0,0
78.54,2,0,25.2,0
79.7,2,2,43.1,0
52.47,1,0,40.8,0
111.45,3,1,1.6,0
70.02,2,0,17.8,0
74.39,2,0,12.2,0
84.65,2,0,10.9,0
49.34,1,3,42.1,1
47.38,1,1,15.1,0
43.21,1,2,11.8,1
74.6,2,1,15.6,0
39.89,1,3,22.1,1
49.49,1,3,6.2,1
47.01,1,1,20.5,0
45.17,1,5,20.5,1
109.66,3,0,49.7,0
81.82,2,0,6.6,0
60.47,1,5,3.5,1
42.44,1,3,16.6,1
55.8,1,2,8.2,0
54.87,1,3,12.7,1
46.1,1,1,14.3,0
51.02,1,3,3.8,1
47.71,1,1,3.5,0
80.93,2,0,6.8,0
87.55,2,1,15.4,1
53.03,1,2,35.7,0
52.54,1,1,11.8,1
77.85,2,1,16.3,0
72.58,2,0,50.7,0
108.96,3,0,57.2,0
86.03,2,2,30.4,0
42.36,1,1,29.2,1
44.72,1,5,13.7,1
80.63,2,0,5.1,0
45.08,1,1,20.2,0
76.04,2,1,6.2,0
107.88,3,2,59.3,0
73.17,2,0,14.5,0
45.13,1,4,21.0,1
83.52,2,0,17.8,0
43.46,1,3,12.6,1
72.01,2,2,13.4,0
106.85,3,1,38.9,1
53.66,1,1,7.5,0
109.02,3,0,53.8,0
107.68,3,0,50.6,0
50.22,1,2,24.0,1
41.27,1,4,5.0,0
52.47,1,2,2.2,1
51.92,1,0,40.5,1
47.95,1,0,8.2,0
85.03,2,0,10.2,0
44.36,1,2,2.8,1
55.64,1,2,17.2,0
110.77,3,0,14.1,0
48.32,1,0,35.0,0
109.9,3,0,23.0,0
49.46,1,1,9.3,0
56.1,1,2,14.0,1
74.62,2,0,23.8,0
76.19,2,1,26.1,1
115.18,3,1,7.1,0
77.02,2,0,37.6,0
114.5,3,0,26.8,0
58.5,1,1,25.0,0
47.99,1,3,14.7,0
83.41,2,0,2.8,0
104.23,3,0,51.0,0
113.77,3,0,20.3,0
51.0,1,3,35.5,1
52.37,1,0,56.9,0
76.77,2,1,34.3,0
41.69,1,3,3.7,1
112.52,3,0,16.8,0
99.68,3,1,56.1,0
48.41,1,2,33.9,1
84.71,2,0,40.3,0
80.96,2,0,26.1,0
59.74,1,3,14.2,1
115.13,3,1,43.1,0
76.73,2,0,17.7,0
110.14,3,1,10.5,1
49.76,1,1,22.9,1
102.09,3,1,1.4,0
45.3,1,4,8.3,1
47.2,1,1,8.2,0
99.82,3,0,31.1,0
50.24,1,0,20.8,0
48.75,1,0,21.2,0
101.64,3,0,29.2,0
112.02,3,0,59.8,0
83.58,2,1,25.1,0
81.14,2,0,11.8,0
48.38,1,0,18.4,1
52.96,1,2,14.9,0
53.4,1,1,7.2,0
81.54,2,0,4.0,0
75.88,2,0,2.3,0
81.38,2,3,26.4,0
85.98,2,1,26.2,0
47.02,1,0,11.9,0
60.49,1,2,47.3,0
47.37,1,0,8.6,0
80.16,2,0,48.2,1
46.64,1,0,33.8,1
111.12,3,0,2.6,0
41.29,1,6,7.9,1
47.27,1,2,19.2,0
44.54,1,4,11.0,1
80.68,2,1,17.8,0
84.97,2,0,44.0,0
53.23,1,2,29.7,0
38.14,1,1,8.8,0
90.21,2,2,7.1,0
51.48,1,3,16.9,1
106.12,3,0,15.0,0
80.79,2,0,9.1,0
50.88,1,2,30.5,0
46.67,1,3,11.2,1
110.99,3,0,17.4,0
46.96,1,0,17.3,0
47.98,1,3,29.2,1
106.57,3,0,9.7,0
102.84,3,1,37.4,0
110.73,3,0,57.3,0
82.93,2,0,40.2,1
52.57,1,3,4.6,0
54.1,1,3,19.9,0
81.62,2,1,9.4,0
77.34,2,1,57.0,0
54.2,1,2,40.9,1
103.21,3,1,14.9,0
45.5,1,1,20.0,1
45.18,1,0,50.7,0
55.4,1,3,11.9,1
54.71,1,1,12.1,0
52.44,1,2,1.7,0
55.36,1,2,25.3,0
45.6,1,4,10.4,1
81.74,2,0,38.8,1
79.37,2,0,8.5,0
84.23,2,1,13.1,0
109.42,3,1,25.1,0
48.08,1,2,44.7,1
52.7,1,1,3.2,1
114.38,3,1,31.3,0
46.66,1,1,28.1,1
109.69,3,1,6.7,0
44.71,1,2,8.7,1
97.51,3,2,59.5,0
51.0,1,2,6.2,0
113.04,3,1,31.6,0
81.31,2,1,18.4,0
100.25,3,1,32.9,0
48.25,1,2,34.9,0
68.91,2,0,35.1,0
116.85,3,0,51.3,0
74.57,2,0,24.0,0
86.28,2,2,31.5,0
84.73,2,1,1.6,0
45.5,1,3,10.3,1
74.34,2,0,16.3,0
81.75,2,0,49.2,0
105.78,3,0,16.7,0
50.51,1,3,1.6,0
47.59,1,5,9.1,1
101.09,3,0,59.2,0
98.85,3,0,19.9,0
51.13,1,1,7.4,0
77.19,2,1,8.0,0
47.23,1,1,19.3,0
53.48,1,1,3.2,0
55.87,1,0,31.2,0
48.64,1,3,13.6,0
78.3,2,1,31.6,0
52.5,1,2,0.8,1
103.22,3,0,26.4,0
111.12,3,0,36.3,0
82.76,2,1,4.7,0
83.4,2,1,19.8,1
40.32,1,1,14.5,1
106.19,3,1,15.2,0
75.61,2,0,36.7,0
50.5,1,2,20.5,1
112.4,3,1,25.1,1
117.48,3,1,10.4,0
107.53,3,0,17.9,0
77.51,2,1,13.4,0
85.75,2,0,32.9,0
51.48,1,1,28.2,0
116.34,3,1,20.5,0
111.44,3,1,47.4,0
44.21,1,0,6.5,0
43.33,1,0,36.7,1
42.24,1,3,7.9,0
113.31,3,2,46.6,0
115.94,3,1,22.7,0
59.25,1,1,46.6,1
84.22,2,0,5.4,0
55.81,1,1,23.1,0
107.1,3,0,20.8,0
104.22,3,2,59.6,0
114.25,3,0,59.1,0
52.09,1,1,12.2,0
50.54,1,1,30.7,1
51.94,1,3,32.6,0
51.62,1,2,10.1,0
116.42,3,0,10.9,0
116.47,3,0,59.4,0
112.72,3,0,27.7,0
114.23,3,0,8.4,0
82.57,2,2,12.3,1
77.69,2,0,16.8,0
113.78,3,1,31.1,0
103.03,3,0,20.0,1
55.27,1,0,15.9,1
44.03,1,3,10.8,0
51.43,1,1,20.3,0
105.77,3,0,5.1,0
82.77,2,2,49.6,1
49.83,1,3,7.5,1
72.03,2,0,45.7,0
82.1,2,1,21.6,0
47.11,1,3,9.1,1
54.41,1,3,8.4,1
80.01,2,0,42.1,0
81.98,2,1,50.8,0
75.21,2,0,17.9,0
77.05,2,1,13.3,1
107.71,3,0,41.2,0
84.28,2,0,12.5,0
88.39,2,1,26.5,1
105.97,3,0,6.6,0
55.38,1,0,20.1,1
39.15,1,1,31.3,0
44.03,1,0,7.7,0
75.21,2,1,39.3,0
73.24,2,0,27.3,0
72.08,2,1,13.8,0
52.06,1,1,21.8,0
48.93,1,3,9.3,1
51.9,1,0,6.4,0
53.45,1,0,51.2,1
81.33,2,0,31.7,1
53.29,1,2,7.0,0
49.65,1,0,49.5,0
104.07,3,0,20.0,0
55.29,1,4,27.3,1
77.05,2,0,17.4,0
75.32,2,1,44.3,0
49.11,1,4,24.5,1
75.44,2,1,33.6,0
107.91,3,2,15.2,0
111.72,3,1,16.0,0
51.74,1,0,1.1,1
105.51,3,0,9.6,0
47.56,1,0,20.9,0
55.37,1,2,6.7,1
52.48,1,0,26.5,1
120.38,3,0,20.6,0
55.9,1,1,14.8,0
55.72,1,2,33.8,1
73.06,2,2,41.8,1
53.82,1,2,25.2,0
49.73,1,3,2.6,0
47.25,1,3,16.1,1
50.84,1,0,47.3,0
54.73,1,0,2.1,0
52.5,1,3,26.5,1
75.61,2,0,25.8,1
53.71,1,2,8.8,1
46.81,1,6,2.7,1
111.08,3,0,26.3,0
48.48,1,1,40.9,0
78.91,2,1,31.5,0
53.83,1,0,15.7,0
44.8,1,1,18.9,1
59.73,1,4,17.7,1
40.89,1,1,24.0,1
47.01,1,4,4.6,1
51.85,1,0,4.8,0
52.92,1,0,15.0,1
49.5,1,2,10.5,1
49.71,1,4,23.3,1
52.05,1,4,7.1,0
48.84,1,1,21.2,0
86.97,2,2,8.9,0
84.2,2,0,50.3,0
54.36,1,1,46.8,1
75.17,2,0,30.6,0
79.6,2,0,12.0,0
48.5,1,1,8.5,0
104.97,3,0,35.7,0
111.8,3,1,30.9,0
47.31,1,3,30.9,1
53.28,1,3,19.0,0
104.65,3,0,24.7,0
88.6,2,0,2.3,0
45.52,1,0,37.0,0
51.1,1,1,26.0,0
53.96,1,2,40.9,1
47.15,1,3,28.7,1
84.26,2,1,24.5,0
43.85,1,1,16.6,0
57.26,1,2,13.3,1
80.07,2,1,2.0,0
47.02,1,4,14.4,1
48.5,1,1,23.4,1
84.04,2,2,39.6,0
107.08,3,0,32.4,0
76.25,2,0,13.0,0
78.89,2,1,19.1,1
44.12,1,1,13.0,0
59.1,1,2,1.7,1
77.17,2,0,1.6,1
54.16,1,1,10.3,0
51.05,1,2,57.2,0
45.08,1,0,36.5,0
49.97,1,0,3.4,1
53.92,1,2,12.5,1
49.06,1,1,14.6,0
55.97,1,7,1.3,0
55.11,1,1,36.3,0
114.59,3,1,31.0,0
77.7,2,0,7.0,1
74.6,2,0,4.7,0
76.93,2,0,27.8,0
50.98,1,5,1.0,1
52.73,1,2,17.2,0
69.14,2,0,14.1,0
79.96,2,1,20.6,0
80.79,2,0,21.8,0
48.61,1,0,19.2,0
56.46,1,1,8.2,1
52.11,1,0,56.0,0
56.55,1,4,16.0,1
78.92,2,0,24.1,1
84.69,2,0,59.5,0
58.18,1,3,20.5,1
116.56,3,0,27.3,0
74.54,2,1,57.6,0
48.73,1,1,36.9,0
48.27,1,2,5.5,1
52.45,1,2,7.8,1
53.43,1,2,13.1,0
45.81,1,3,16.2,1
50.34,1,2,12.6,1
39.9,1,0,15.5,0
57.21,1,3,1.3,0
107.44,3,0,53.0,0
50.28,1,5,18.1,1
78.45,2,1,6.1,0
55.73,1,1,6.1,0
95.81,3,1,33.8,0
49.92,1,3,14.5,1
49.47,1,2,9.6,0
107.73,3,0,6.9,0
118.63,3,0,26.9,0
105.56,3,0,34.2,0
53.86,1,0,18.4,0
51.78,1,0,18.8,0
86.31,2,2,26.0,0
106.66,3,0,19.5,0
76.34,2,0,55.0,0
85.48,2,0,3.5,0
52.13,1,1,14.8,0
72.28,2,1,48.7,0
47.3,1,1,11.5,1
51.93,1,1,7.6,0
54.19,1,1,58.5,0
76.6,2,0,41.9,0
35.43,1,1,17.1,0
52.62,1,3,25.8,1
73.9,2,0,18.5,0
39.91,1,3,9.9,0
65.84,2,0,18.2,0
54.07,1,3,20.2,1
50.64,1,1,26.8,1
78.87,2,0,21.2,1
56.95,1,3,15.9,1
53.19,1,3,28.6,0
58.08,1,3,33.2,1
43.04,1,3,35.2,1
109.83,3,0,20.3,0
41.92,1,4,12.5,1
108.85,3,1,24.0,0
48.76,1,3,8.1,1
83.13,2,2,10.7,0
80.23,2,0,16.2,0
83.12,2,0,26.1,0
53.52,1,0,9.2,1
60.77,1,1,29.7,1
48.42,1,4,17.4,1
105.29,3,1,7.1,0
111.23,3,0,28.2,0
105.99,3,0,25.7,0
57.41,1,2,33.3,1
78.58,2,1,48.9,0
107.17,3,0,50.6,0
47.64,1,7,15.5,1
53.59,1,2,38.9,0
79.21,2,1,57.0,0
76.79,2,0,23.6,0
118.33,3,1,50.1,0
45.72,1,2,18.5,1
80.18,2,0,30.0,0
53.26,1,3,7.8,1
41.84,1,3,3.0,1
52.4,1,3,10.4,0
104.72,3,1,4.6,1
84.11,2,0,12.6,0
75.19,2,0,28.0,0
53.46,1,1,22.6,1
115.53,3,1,6.1,0
54.31,1,2,2.8,0
111.26,3,0,36.8,0
48.84,1,2,20.5,0
47.12,1,3,25.7,0
57.36,1,4,7.7,1
46.5,1,1,4.8,1
74.81,2,0,1.2,0
83.33,2,1,34.2,1
46.02,1,0,8.7,1
105.25,3,0,26.1,0
42.78,1,3,12.6,1
77.59,2,0,49.8,0
109.59,3,2,7.4,0
81.22,2,2,31.0,0
54.76,1,0,44.1,0
112.63,3,0,42.2,0
79.05,2,1,45.9,0
49.01,1,1,24.0,1
52.55,1,4,11.4,0
86.36,2,0,28.4,0
80.63,2,0,23.1,1
77.65,2,1,36.9,0
105.04,3,0,5.2,0
72.77,2,0,4.8,0
53.33,1,4,15.6,1
52.89,1,0,10.0,0
52.89,1,1,18.4,0
79.36,2,1,43.2,1
57.03,1,0,25.2,0
77.58,2,3,11.7,0
84.78,2,0,28.6,0
109.81,3,0,34.6,0
46.96,1,2,27.7,0
112.96,3,2,55.2,0
52.05,1,3,17.8,0
111.78,3,2,40.0,0
50.41,1,1,7.6,0
49.81,1,0,24.1,0
91.94,2,0,44.7,0
55.92,1,1,14.3,0
53.61,1,1,34.9,1
80.56,2,0,10.1,0
85.04,2,0,7.1,0
82.59,2,0,31.9,0
80.13,2,1,40.8,0
78.48,2,0,7.7,0
49.6,1,5,15.8,1
34.15,1,2,4.3,1
51.05,1,4,6.2,1
107.56,3,1,13.0,0
87.96,2,0,11.0,0
50.1,1,2,6.3,0
44.06,1,3,12.4,1
109.75,3,0,30.2,0
44.77,1,3,12.5,1
82.37,2,0,57.1,0
81.45,2,2,22.9,0
84.79,2,1,10.9,0
46.05,1,7,5.1,1
110.17,3,0,15.1,0
103.17,3,0,30.4,0
83.51,2,1,18.2,0
82.59,2,0,31.4,0
112.48,3,0,40.5,0
80.01,2,2,46.9,0
52.07,1,1,42.9,0
88.02,2,0,13.1,0
78.57,2,0,7.8,0
50.69,1,3,16.6,1
74.57,2,0,12.7,0
105.66,3,0,6.0,0
110.49,3,0,32.1,0
55.52,1,1,20.3,0
48.72,1,4,0.3,1
108.82,3,1,19.5,0
107.97,3,0,58.7,0
47.33,1,1,45.8,0
111.47,3,0,4.4,0
102.51,3,0,31.0,0
86.4,2,0,34.2,0
76.67,2,0,42.0,0
53.61,1,2,0.9,1
43.65,1,1,29.5,0
53.34,1,0,22.7,0
113.36,3,0,17.0,0
51.92,1,0,32.6,1
45.03,1,0,19.7,0
51.25,1,1,4.7,0
74.08,2,1,10.9,0
108.74,3,1,51.6,0
55.15,1,5,29.0,1
53.98,1,1,46.9,0
80.08,2,1,48.7,0
45.13,1,1,49.6,0
53.23,1,0,28.4,1
50.1,1,5,7.3,1
38.4,1,0,9.7,0
53.91,1,0,21.5,1
49.88,1,1,22.6,0
56.01,1,0,33.9,0
104.52,3,0,30.4,0
34.12,1,0,29.8,1
81.4,2,1,2.9,0
81.46,2,0,2.9,0
41.55,1,2,42.4,1
75.11,2,0,12.4,0
63.78,1,0,39.5,0
108.47,3,0,33.2,0
53.65,1,1,44.6,1
46.75,1,3,48.4,1
39.55,1,3,12.5,1
109.15,3,0,37.4,0
78.67,2,0,7.9,0
78.0,2,0,23.8,0
49.43,1,0,44.3,0
81.32,2,0,37.7,0
49.25,1,0,29.6,0
103.68,3,0,11.4,0
52.43,1,2,48.4,0
40.25,1,5,4.9,1
39.75,1,5,7.0,1
53.7,1,1,37.1,0
82.54,2,0,23.0,0
49.71,1,4,3.4,0
73.02,2,1,14.7,0
46.46,1,2,36.0,1
78.69,2,0,49.3,0
42.02,1,1,34.9,0
46.3,1,2,5.8,1
83.26,2,1,39.2,0
57.14,1,4,28.5,0
47.9,1,1,39.0,0
113.78,3,1,19.1,0
100.43,3,0,50.5,0
53.3,1,0,42.4,0
45.98,1,2,16.0,1
81.54,2,2,11.1,1
48.76,1,4,12.8,1
56.6,1,1,11.3,0
45.63,1,3,0.7,1
83.14,2,0,27.0,1
78.6,2,0,45.1,1
49.21,1,2,16.8,1
49.08,1,1,33.8,1
45.77,1,1,9.3,0
79.93,2,0,6.5,0
49.69,1,0,21.4,0
51.21,1,2,8.8,1
80.42,2,1,57.7,0
53.99,1,2,15.2,0
84.62,2,3,46.0,0
44.75,1,1,34.9,0
54.34,1,3,2.9,0
44.07,1,4,1.1,1
82.94,2,1,48.6,0
113.1,3,0,17.3,0
100.44,3,2,32.1,1
50.46,1,1,14.9,0
77.66,2,0,5.5,0
46.21,1,0,10.4,0
56.75,1,1,31.3,1
106.73,3,0,25.6,0
45.97,1,3,29.8,1
50.38,1,0,32.3,0
53.43,1,1,29.4,0
49.29,1,4,9.6,1
55.83,1,4,3.1,1
82.65,2,0,48.3,0
39.11,1,2,6.9,0
107.35,3,0,38.5,0
107.19,3,0,42.5,0
52.4,1,3,16.2,1
36.88,1,3,14.2,0
62.75,1,2,28.6,1
82.66,2,1,26.6,0
50.74,1,3,16.2,1
85.91,2,2,7.3,0
61.72,1,2,8.9,0
84.35,2,0,50.4,0
54.74,1,2,45.2,0
50.65,1,2,23.6,0
109.29,3,0,49.9,0
77.62,2,0,5.8,0
45.87,1,3,6.1,1
106.56,3,0,52.2,0
43.25,1,1,3.0,1
109.62,3,2,23.0,0
71.58,2,0,45.0,0
50.95,1,2,26.2,0
49.82,1,2,37.7,1
50.73,1,4,4.2,1
77.39,2,0,46.1,0
95.38,2,1,5.6,0
56.8,1,5,22.3,1
43.78,1,1,12.9,1
111.16,3,0,37.0,0
106.96,3,0,42.0,0
74.93,2,0,55.2,0
43.3,1,1,47.4,0
52.16,1,1,14.0,0
46.59,1,0,31.9,1
114.84,3,0,8.2,0
54.97,1,2,25.9,1
86.87,2,0,53.1,0
45.74,1,2,2.8,1
82.38,2,0,51.1,0
83.16,2,2,48.1,0
107.63,3,0,30.7,0
46.14,1,1,19.2,0
58.05,1,2,24.9,0
51.14,1,1,16.7,1
113.18,3,0,12.9,0
105.89,3,0,35.2,0
73.9,2,0,5.9,0
77.15,2,1,13.9,0
79.38,2,0,46.0,0
44.68,1,4,18.9,0
109.95,3,1,59.2,0
41.56,1,4,10.2,1
44.4,1,1,18.5,1
83.35,2,1,3.1,0
53.02,1,3,36.9,1
48.04,1,3,2.7,1
74.91,2,2,32.8,0
44.86,1,2,24.3,0
78.13,2,0,25.5,0
53.22,1,2,16.8,1
54.64,1,2,12.5,1
47.52,1,2,10.1,0
44.23,1,0,7.1,1
81.34,2,1,47.6,0
45.88,1,2,4.3,1
77.41,2,1,10.8,0
56.63,1,3,14.2,1
84.14,2,0,13.5,0
110.79,3,0,8.4,0
73.64,2,0,23.3,0
51.06,1,1,32.9,0
55.31,1,1,5.3,0
48.12,1,0,36.6,0
86.76,2,1,59.6,0
56.46,1,2,54.2,1
58.32,1,1,16.4,1
81.53,2,2,16.7,0
52.94,1,2,2.3,0
87.07,2,1,50.2,0
52.24,1,1,4.3,0
47.49,1,3,13.1,0
77.76,2,0,33.1,0
51.19,1,2,8.8,1
73.55,2,0,50.2,0
49.28,1,0,10.8,1
55.48,1,0,22.6,1
99.04,3,1,49.2,0
87.67,2,1,14.0,0
85.61,2,0,44.0,0
47.7,1,4,13.8,1
82.72,2,0,40.3,0
50.02,1,2,8.2,0
56.15,1,1,42.6,0
114.91,3,0,58.4,0
43.0,1,0,3.6,0
112.94,3,1,6.5,0
48.97,1,3,8.3,0
50.41,1,0,18.6,1
76.36,2,1,18.2,0
118.74,3,0,48.6,0
85.2,2,0,29.0,0
106.3,3,0,29.6,0
73.33,2,0,43.3,0
78.07,2,0,21.5,1
112.17,3,2,21.8,0
51.2,1,2,19.6,1
56.27,1,2,47.0,0
53.95,1,3,1.8,0
114.85,3,0,9.5,0
111.63,3,0,13.6,0
43.05,1,3,21.7,0
79.02,2,0,18.2,0
115.3,3,1,40.4,0
49.74,1,1,49.9,0
82.52,2,0,12.3,0
108.41,3,0,34.2,0
44.85,1,2,22.6,1
79.38,2,0,30.8,0
51.55,1,3,11.4,1
106.72,3,0,53.7,0
108.82,3,1,12.3,0
105.3,3,0,6.1,0
55.6,1,2,5.1,1
108.53,3,2,24.3,0
117.26,3,0,10.6,0
57.64,1,2,7.9,0
109.59,3,0,34.0,0
44.96,1,2,9.8,1
69.57,2,0,59.8,0
42.64,1,1,24.9,0
43.13,1,4,2.6,1
56.89,1,1,12.3,1
80.58,2,1,15.4,0
51.95,1,1,5.2,1
68.9,2,0,29.5,0
44.01,1,0,8.0,1
54.44,1,1,17.6,1
81.43,2,1,13.8,0
79.26,2,0,54.4,0
52.82,1,3,9.5,1
88.18,2,0,20.7,0
108.89,3,1,11.7,0
80.35,2,0,17.5,0
50.96,1,0,20.6,0
61.96,1,0,33.9,0
99.5,3,0,3.7,0
53.42,1,3,8.3,1
109.43,3,0,6.8,0
82.83,2,0,17.5,0
106.71,3,0,7.4,0
79.76,2,2,16.1,0
113.56,3,0,50.4,0
65.56,1,1,37.3,0
84.04,2,1,14.4,0
45.76,1,4,11.3,1
47.88,1,3,18.9,1
77.73,2,1,45.5,0
101.02,3,1,51.0,0
108.35,3,1,37.6,0
83.66,2,0,30.6,0
43.63,1,0,21.1,1
55.24,1,3,14.2,0
82.44,2,0,33.9,0
46.33,1,1,27.7,1
49.29,1,2,9.1,1
57.99,1,3,20.0,1
53.67,1,3,7.3,1
50.04,1,0,37.0,1
48.81,1,0,35.0,1
50.38,1,3,26.1,1
47.44,1,2,10.4,1
99.48,3,3,14.1,0
60.21,1,2,9.5,0
50.78,1,3,15.6,1
81.99,2,0,3.7,0
49.71,1,1,28.6,0
106.32,3,1,26.1,0
79.07,2,1,22.2,0
42.0,1,1,19.0,1
61.39,1,4,17.1,1
103.83,3,0,54.4,0
104.84,3,0,24.3,0
47.8,1,3,19.7,1
86.44,2,0,37.6,1
50.07,1,1,20.8,1
103.82,3,0,58.2,0
56.27,1,1,26.8,1
113.66,3,1,9.5,0
82.69,2,0,2.4,0
83.58,2,0,49.7,0
91.97,2,1,35.7,1
60.93,1,5,27.7,1
46.57,1,1,17.5,0
58.12,1,4,8.9,1
51.92,1,2,19.7,0
82.5,2,1,27.6,0
41.54,1,0,23.6,0
49.15,1,2,36.6,1
105.94,3,0,14.8,0
114.14,3,2,35.1,0
115.36,3,0,22.3,0
99.63,3,0,40.1,0
49.89,1,1,34.3,0
55.61,1,1,45.6,1
79.07,2,0,7.0,0
83.65,2,0,14.0,0
51.76,1,2,20.7,1
111.71,3,0,22.8,0
48.64,1,1,10.8,0
43.92,1,3,2.7,1
74.39,2,0,39.5,0
83.55,2,1,3.6,0
80.1,2,0,18.2,0
49.31,1,6,9.8,1
107.88,3,1,31.7,0
48.47,1,1,3.1,0
55.23,1,1,17.6,0
108.32,3,0,38.7,0
103.29,3,0,12.8,0
113.72,3,1,49.8,0
108.98,3,1,40.9,0
80.16,2,0,28.8,0
88.04,2,0,55.0,0
49.9,1,8,6.9,1
51.45,1,0,14.9,0
44.11,1,3,11.3,1
48.9,1,1,34.8,0
83.05,2,0,20.8,0
42.22,1,0,21.3,0
51.0,1,1,24.5,0
50.5,1,1,12.6,1
80.21,2,0,42.9,0
55.19,1,1,39.4,0
111.67,3,0,27.0,0
57.39,1,1,14.7,1
45.03,1,1,14.8,1
80.68,2,1,6.0,1
110.42,3,0,6.1,0
44.65,1,1,16.8,0
84.78,2,0,20.0,0
91.62,2,0,33.3,0
49.91,1,2,15.0,1
112.53,3,2,24.3,0
80.42,2,1,56.7,0
76.43,2,1,18.1,1
100.9,3,1,59.1,0
106.47,3,0,52.7,0
73.04,2,0,37.4,0
118.52,3,0,36.3,0
79.42,2,0,8.6,0
78.27,2,0,43.6,0
84.45,2,1,36.4,0
74.39,2,0,30.9,0
46.17,1,1,41.9,0
110.34,3,0,27.2,0
115.14,3,1,31.9,0
52.51,1,2,24.5,0
111.24,3,1,43.3,0
50.39,1,1,25.0,1
52.0,1,1,50.6,0
81.01,2,2,21.2,1
44.85,1,2,1.8,0
110.23,3,0,54.8,0
104.63,3,1,17.2,0
80.41,2,1,53.4,0
47.6,1,1,12.6,0
62.7,1,2,26.9,0
79.8,2,1,45.2,0
102.98,3,0,38.8,0
79.33,2,1,25.5,0
52.6,1,3,8.6,1
88.37,2,0,33.4,0
77.05,2,1,17.3,0
72.09,2,1,39.1,0
54.08,1,4,13.1,0
73.1,2,1,41.9,0
77.82,2,0,1.2,0
108.71,3,1,33.4,0
49.65,1,4,4.1,1
83.45,2,1,14.7,1
106.58,3,1,31.4,0
48.63,1,5,3.3,1
109.93,3,1,58.0,0
80.75,2,0,50.2,0
50.49,1,0,43.3,0
52.18,1,1,29.3,0
84.22,2,0,24.1,0
51.96,1,1,2.9,0
82.27,2,0,22.2,0
42.09,1,4,8.4,1
80.25,2,1,23.7,0
52.4,1,1,13.9,1
113.64,3,1,17.0,0
106.54,3,1,17.2,0
106.7,3,0,4.7,0
77.13,2,0,37.2,0
52.68,1,1,27.4,0
85.17,2,1,7.2,1
47.96,1,6,5.6,1
54.54,1,2,48.1,0
50.62,1,2,24.4,1
49.38,1,3,12.5,1
78.94,2,1,30.5,0
83.73,2,3,21.8,1
51.63,1,1,9.1,1
61.38,1,3,4.2,0
105.74,3,0,10.0,0
52.59,1,1,20.4,1
47.35,1,1,5.1,1
45.65,1,2,1.5,0
79.95,2,1,10.5,1
80.69,2,0,34.0,0
64.59,1,1,29.6,0
49.08,1,0,26.0,0
74.35,2,0,31.6,0
81.37,2,0,10.5,0
39.63,1,1,7.4,0
109.54,3,1,18.1,0
50.08,1,4,9.3,1
53.97,1,0,6.6,1
114.87,3,1,23.4,1
47.48,1,4,20.2,1
79.25,2,3,34.0,0
46.17,1,2,19.1,0
44.36,1,1,6.7,0
111.55,3,1,53.9,0
43.63,1,2,36.4,0
107.93,3,0,42.2,0
45.02,1,2,21.2,1
52.75,1,0,28.7,1
59.01,1,0,35.5,0
73.49,2,0,4.2,0
40.73,1,3,19.4,1
109.38,3,0,19.0,0
50.08,1,2,9.1,0
111.09,3,0,6.2,0
47.77,1,0,43.5,0
109.0,3,0,42.5,0
81.84,2,0,42.3,0
85.2,2,1,36.1,1
100.22,3,0,21.6,0
78.16,2,0,34.1,0
81.07,2,0,37.6,0
45.41,1,2,3.4,1
58.66,1,3,19.4,0
106.82,3,0,57.4,0
79.79,2,1,9.8,0
82.78,2,1,46.1,0
47.04,1,5,5.7,1
40.77,1,4,15.6,1
47.86,1,1,2.7,0
85.15,2,0,5.6,0
48.32,1,2,5.1,0
45.77,1,1,36.0,0
54.63,1,2,29.8,1
48.35,1,3,32.9,1
77.45,2,0,21.1,1
50.75,1,2,5.0,0
83.85,2,0,13.4,0
61.91,1,4,1.5,0
54.14,1,6,3.4,1
55.8,1,1,24.7,1
47.47,1,2,13.2,1
44.87,1,2,25.3,0
50.31,1,2,2.1,0
80.54,2,0,14.8,0
44.61,1,1,14.4,1
79.12,2,0,57.8,0
112.0,3,0,7.1,0
81.8,2,1,8.2,0
52.52,1,3,6.9,1
51.45,1,3,40.4,0
47.46,1,2,15.8,0
47.43,1,2,17.7,1
104.01,3,1,8.6,0
58.92,1,1,44.3,1
50.07,1,3,12.9,0
78.88,2,0,5.8,0
75.36,2,0,17.2,1
94.68,2,0,12.1,0
44.63,1,2,32.1,0
47.86,1,1,26.9,1
82.08,2,1,30.0,0
53.0,1,1,29.5,1
54.79,1,5,6.8,1
59.04,1,0,2.6,0
52.53,1,0,40.1,1
44.72,1,1,49.3,0
48.72,1,2,2.0,1
81.54,2,1,27.5,0
90.34,2,0,38.5,0
103.01,3,1,12.2,0
56.01,1,5,4.4,1
50.9,1,0,32.5,0
54.19,1,1,13.3,0
79.49,2,0,9.3,0
75.79,2,1,45.8,0
53.75,1,2,19.5,1
113.27,3,1,15.4,0
54.86,1,2,30.6,1
79.93,2,0,44.4,0
77.0,2,1,17.3,0
102.21,3,0,52.5,0
84.1,2,0,30.7,1
112.12,3,1,21.4,0
45.17,1,5,25.5,1
107.31,3,1,43.9,0
47.67,1,2,9.8,1
102.59,3,0,28.7,0
75.91,2,1,39.6,0
104.33,3,1,25.9,1
47.94,1,0,36.9,0
76.31,2,0,21.8,1
71.86,2,0,12.8,0
90.11,2,0,25.2,0
56.26,1,4,32.4,0
46.1,1,3,14.4,1
51.36,1,0,31.9,1
52.09,1,0,26.2,0
115.96,3,0,58.5,0
45.91,1,2,7.4,0
115.46,3,3,13.2,0
47.26,1,1,14.1,1
43.32,1,5,9.1,1
83.62,2,0,37.9,0
86.45,2,1,3.3,0
62.94,1,1,11.5,0
74.0,2,1,18.3,0
83.49,2,3,40.6,1
47.95,1,2,4.5,1
113.92,3,0,48.1,0
102.65,3,1,11.7,0
73.69,2,1,34.4,0
46.12,1,2,2.8,0
80.39,2,1,19.3,0
46.79,1,2,4.6,1
53.3,1,1,27.9,0
55.13,1,1,9.8,0
53.0,1,4,17.5,1
118.09,3,1,12.7,0
82.08,2,0,24.2,0
73.92,2,1,29.8,0
56.82,1,3,6.6,1
46.97,1,0,29.3,1
54.55,1,1,34.2,0
117.87,3,1,50.7,0
52.28,1,1,45.9,0
102.52,3,0,40.0,0
75.41,2,1,30.3,0
56.61,1,1,1.1,0
79.15,2,0,37.2,0
50.4,1,2,5.7,1
113.79,3,0,7.9,0
113.48,3,0,27.2,0
51.39,1,1,44.4,0
48.96,1,2,9.4,1
78.44,2,1,23.1,0
114.29,3,0,33.0,0
52.77,1,0,6.1,1
78.71,2,1,20.7,0
85.41,2,0,9.4,0
79.35,2,0,17.6,0
45.74,1,4,3.5,1
76.21,2,0,10.4,0
105.11,3,0,20.4,0
48.64,1,1,28.4,0
56.17,1,0,21.3,1
105.97,3,0,56.3,0
50.94,1,1,18.6,1
106.72,3,1,56.0,0
48.7,1,3,10.5,0
42.45,1,1,10.3,0
108.9,3,2,57.0,0
49.03,1,1,31.1,0
82.7,2,0,12.0,0
51.12,1,1,17.2,1
74.01,2,0,47.2,0
55.42,1,1,41.7,1
51.05,1,0,7.2,1
110.99,3,0,34.6,0
49.95,1,6,5.4,1
77.41,2,1,31.1,0
51.09,1,7,9.4,1
82.38,2,0,45.8,0
41.27,1,4,0.2,1
107.31,3,0,5.3,0
48.73,1,3,21.7,0
51.28,1,4,7.2,1
55.97,1,1,12.3,0
46.14,1,1,9.8,0
77.51,2,1,18.3,0
47.44,1,2,2.9,0
105.99,3,1,44.9,0
48.26,1,0,16.3,0
53.85,1,1,8.3,0
74.73,2,1,42.2,0
82.14,2,0,50.7,0
41.49,1,0,2.2,0
47.19,1,3,14.8,0
48.35,1,2,27.5,1
88.37,2,1,23.7,0
78.63,2,1,56.4,0
38.99,1,3,13.5,1
100.01,3,1,12.7,1
110.17,3,0,13.6,0
83.07,2,1,6.0,0
111.88,3,0,53.9,0
50.84,1,1,58.8,0
55.81,1,2,6.9,1
47.3,1,4,19.2,1
54.47,1,2,7.7,1
71.84,2,0,40.0,0
105.48,3,0,49.7,0
40.96,1,2,13.3,0
48.63,1,5,15.6,1
49.77,1,3,21.4,1
110.57,3,0,52.6,0
50.31,1,0,40.0,0
75.36,2,1,50.5,0
49.05,1,3,8.8,1
42.51,1,2,8.7,1
116.82,3,1,58.8,0
108.48,3,0,10.1,0
47.56,1,2,3.6,1
117.94,3,1,31.8,0
73.79,2,0,26.4,1
104.37,3,2,52.8,0
44.52,1,1,16.2,1
79.66,2,0,25.7,0
52.16,1,0,32.1,0
83.7,2,0,2.1,0
62.86,1,0,30.3,0
38.75,1,1,18.2,0
53.04,1,2,6.8,1
77.21,2,2,6.2,0
47.07,1,0,28.1,0
76.9,2,1,56.9,0
105.46,3,1,54.2,0
58.42,1,2,42.4,0
84.21,2,1,7.0,1
50.12,1,1,17.6,0
116.76,3,0,22.7,0
42.44,1,5,6.3,0
73.35,2,0,47.4,0
99.11,3,0,20.1,0
106.5,3,0,40.4,0
80.81,2,0,22.1,0
50.51,1,3,18.0,1
80.75,2,3,30.7,1
102.94,3,0,48.3,0
84.02,2,0,13.5,0
51.2,1,2,24.5,0
113.67,3,0,8.7,0
70.54,2,0,5.5,0
81.56,2,1,36.7,0
44.06,1,2,12.2,0
78.01,2,1,4.5,0
52.67,1,2,31.1,1
80.46,2,0,32.5,0
45.74,1,1,7.5,1
80.03,2,0,4.2,0
102.34,3,0,8.1,0
55.75,1,3,3.2,1
108.97,3,0,40.4,0
55.59,1,0,38.8,0
107.37,3,2,9.5,0
77.38,2,0,38.4,0
76.18,2,0,24.9,0
84.38,2,0,28.4,0
106.45,3,1,40.3,1
53.22,1,1,20.6,0
48.09,1,3,9.7,0
70.12,2,3,47.3,1
107.15,3,0,13.5,0
74.1,2,1,12.4,1
80.17,2,1,42.7,0
44.05,1,3,28.2,1
114.63,3,0,48.2,0
49.54,1,1,11.8,0
79.11,2,0,21.8,0
53.28,1,2,8.4,0
54.82,1,2,30.2,1
49.9,1,0,12.7,1
46.14,1,5,10.2,1
71.13,2,2,1.0,0
46.57,1,2,4.5,0
46.91,1,0,26.5,0
50.54,1,4,26.8,1
48.27,1,3,25.8,1
53.44,1,4,7.4,1
46.94,1,3,25.6,0
79.71,2,0,3.7,0
85.92,2,0,19.1,0
81.71,2,1,29.6,1
49.7,1,2,9.0,0
46.99,1,1,18.7,0
106.83,3,2,4.3,0
75.75,2,1,29.0,0
47.29,1,1,13.3,0
53.78,1,3,6.4,0
48.89,1,4,12.4,1
43.25,1,4,4.9,1
58.84,1,3,25.8,1
81.6,2,1,45.2,0
72.97,2,1,7.6,0
77.79,2,3,4.4,1
80.55,2,0,2.6,0
118.52,3,0,27.1,0
74.46,2,0,35.7,0
114.88,3,0,57.5,0
57.0,1,3,14.9,1
46.86,1,1,10.4,0
48.61,1,1,31.5,0
74.82,2,0,24.4,0
108.98,3,0,29.3,0
49.82,1,4,12.6,0
113.3,3,1,30.5,0
55.45,1,1,9.9,0
106.26,3,0,44.9,0
40.16,1,4,6.1,1
49.89,1,2,5.6,0
51.47,1,1,33.8,1
51.25,1,1,33.7,1
48.37,1,2,19.7,0
50.62,1,4,3.7,0
117.58,3,0,38.3,0
81.91,2,0,23.0,0
48.13,1,0,54.5,0
77.5,2,0,3.1,0
79.15,2,0,3.3,0
58.18,1,2,46.5,1
49.08,1,0,54.4,1
49.9,1,3,2.6,0
47.59,1,1,7.8,1
85.49,2,0,14.1,0
59.8,1,3,5.7,1
82.25,2,0,52.3,0
80.41,2,3,6.9,0
50.18,1,1,15.1,0
68.08,2,0,2.4,0
53.73,1,0,3.6,0
110.67,3,0,2.7,0
52.14,1,5,33.3,1
106.44,3,0,18.6,0
78.08,2,0,30.1,0
47.94,1,2,10.4,1
85.11,2,0,30.2,0
108.11,3,1,26.3,0
90.41,2,0,1.7,0
112.15,3,0,34.5,0
103.62,3,0,8.4,0
49.36,1,3,27.3,1
46.74,1,1,16.2,0
69.03,2,0,34.4,1
58.0,1,1,19.1,1
113.52,3,0,37.4,0
112.67,3,1,16.8,0
50.83,1,2,16.8,0
43.09,1,0,48.5,1
77.58,2,2,1.8,0
54.21,1,3,11.7,0
104.74,3,0,37.0,0
37.34,1,6,4.3,1
78.86,2,1,22.1,0
49.29,1,1,22.6,1
80.68,2,1,33.9,0
53.64,1,3,4.8,0
83.19,2,1,29.2,1
51.29,1,1,39.8,1
85.98,2,2,55.8,1
102.41,3,1,2.7,0
52.52,1,0,39.9,0
53.13,1,2,25.5,0
43.8,1,3,1.6,0
72.49,2,0,37.2,0
76.27,2,0,8.2,0
76.69,2,0,23.3,0
53.77,1,2,16.4,0
46.93,1,0,22.3,0
75.72,2,0,1.2,1
46.94,1,1,22.2,0
115.59,3,0,33.6,0
50.07,1,1,8.6,1
79.1,2,0,38.5,0
49.45,1,4,20.1,1
56.46,1,3,14.2,0
76.25,2,0,31.0,0
86.58,2,0,39.3,0
111.05,3,1,34.3,0
49.2,1,1,19.6,1
62.5,1,1,28.1,1
74.72,2,0,2.7,0
78.23,2,2,22.8,0
43.84,1,5,2.8,1
54.76,1,1,2.2,0
58.45,1,5,13.9,1
118.35,3,0,39.6,0
56.12,1,0,39.4,1
49.01,1,2,7.7,0
48.17,1,2,19.2,1
41.64,1,1,36.8,0
60.18,1,2,22.4,0
82.34,2,1,15.7,0
47.54,1,0,8.3,1
116.64,3,2,53.0,0
45.14,1,2,12.0,1
82.03,2,0,40.0,0
109.14,3,0,22.1,0
83.19,2,1,23.9,0
79.68,2,0,17.9,0
42.75,1,4,14.7,1
50.38,1,1,22.2,0
85.24,2,0,12.3,0
109.85,3,0,22.8,0
83.88,2,0,51.4,0
74.77,2,0,44.6,0
79.87,2,0,20.7,0
46.88,1,1,19.0,1
53.73,1,0,5.4,0
80.16,2,0,3.9,0
113.45,3,1,8.5,0
55.44,1,2,7.9,0
83.46,2,0,6.2,0
51.37,1,2,10.3,1
75.01,2,0,36.4,0
49.99,1,1,36.4,1
47.33,1,3,7.1,1
78.28,2,3,8.1,1
48.13,1,2,13.2,0
75.1,2,0,35.5,1
70.21,2,0,35.2,0
106.66,3,0,56.7,0
50.97,1,0,14.7,0
43.26,1,2,4.5,0
50.08,1,0,39.6,0
119.5,3,3,44.7,0
115.12,3,1,17.7,0
88.22,2,0,34.7,0
111.96,3,0,4.5,0
85.84,2,0,49.2,1
76.38,2,0,7.5,0
46.78,1,1,4.6,1
66.3,2,0,3.6,0
55.93,1,2,26.2,0
117.7,3,0,6.7,0
77.23,2,1,44.9,0
78.73,2,0,54.0,0
46.23,1,4,9.6,1
51.91,1,3,2.9,1
55.62,1,2,3.5,0
41.29,1,2,23.8,0
52.05,1,2,18.3,0
108.62,3,0,14.5,0
80.57,2,0,39.0,0
52.29,1,2,1.9,1
49.06,1,2,33.1,1
49.48,1,2,12.2,1
78.93,2,1,42.9,0
84.85,2,2,51.1,1
112.09,3,2,56.6,0
51.1,1,1,33.5,0
103.65,3,1,30.2,0
108.11,3,0,20.8,0
54.49,1,0,43.2,0
110.19,3,1,32.8,0
53.3,1,3,46.8,1
118.83,3,0,15.1,0
55.19,1,1,19.3,0
110.47,3,0,19.6,0
107.45,3,0,48.6,0
97.23,3,0,6.8,0
79.16,2,0,3.8,1
48.37,1,2,8.2,1
51.95,1,4,5.3,0
49.23,1,3,6.4,1
48.4,1,1,31.3,0
71.1,2,1,4.8,0
45.3,1,2,5.0,1
112.38,3,2,57.6,0
88.58,2,1,58.8,0
109.51,3,1,32.4,0
51.64,1,3,31.4,0
114.76,3,0,17.8,0
105.95,3,0,59.8,0
51.83,1,3,14.7,1
76.3,2,0,27.7,0
84.32,2,0,1.2,0
50.76,1,3,11.2,1
81.49,2,1,5.2,0
46.09,1,1,32.4,1
53.54,1,2,34.1,0
60.42,1,0,28.4,1
44.96,1,1,17.9,0
48.3,1,1,35.0,1
51.16,1,1,1.2,0
113.93,3,1,20.7,0
77.2,2,2,39.9,0
95.83,3,1,54.6,0
56.8,1,2,14.8,0
53.8,1,1,32.9,0
71.29,2,0,32.7,0
46.96,1,2,12.4,1
57.84,1,0,4.0,0
87.24,2,0,26.0,0
54.69,1,0,11.8,0
79.12,2,1,2.3,0
80.41,2,0,9.7,0
49.35,1,1,28.3,1
55.64,1,2,9.8,1
75.62,2,0,56.2,0
45.97,1,2,13.1,0
55.05,1,1,9.2,1
109.78,3,0,39.6,0
56.89,1,0,7.7,0
76.64,2,0,15.5,1
109.73,3,0,19.8,0
45.39,1,2,12.7,1
50.04,1,2,3.0,1
42.61,1,3,5.4,1
47.56,1,2,8.2,1
42.82,1,1,12.9,1
83.47,2,0,20.4,0
53.58,1,1,29.0,1
71.35,2,0,32.6,1
116.67,3,1,3.4,0
122.49,3,0,1.9,0
80.23,2,1,26.1,0
46.79,1,2,17.1,1
94.12,2,2,17.4,0
73.41,2,1,16.3,0
50.1,1,0,41.0,0
50.9,1,1,3.9,1
116.73,3,1,10.9,0
51.8,1,6,5.8,1
47.51,1,1,1.8,1
45.24,1,3,22.4,0
48.29,1,2,34.0,1
104.97,3,0,7.6,0
80.24,2,0,28.6,0
77.18,2,0,11.0,0
42.53,1,2,3.4,0
56.28,1,2,21.0,0
47.51,1,0,9.9,0
43.66,1,1,7.3,1
49.16,1,1,40.7,1
80.34,2,0,9.8,0
41.27,1,4,2.5,0
81.66,2,0,47.8,0
44.76,1,1,1.1,0
58.56,1,0,19.7,1
52.62,1,2,30.2,0
108.0,3,0,49.3,0
106.27,3,1,50.5,0
109.48,3,0,43.8,0
53.06,1,1,15.6,0
49.87,1,1,25.7,1
78.91,2,0,15.5,0
50.29,1,1,13.7,0
106.98,3,0,33.3,0
48.28,1,3,12.7,1
39.57,1,3,4.1,0
54.87,1,3,4.5,0
51.49,1,0,21.8,1
76.13,2,0,51.7,0
59.49,1,3,10.9,1
50.44,1,3,26.3,0
44.82,1,1,35.9,1
54.28,1,4,0.6,1
81.99,2,0,13.1,1
111.97,3,0,19.9,0
107.87,3,0,12.7,0
82.25,2,2,25.7,0
48.69,1,3,8.7,1
82.78,2,0,21.0,0
40.48,1,2,27.3,1
47.83,1,0,11.0,0
118.61,3,1,48.6,0
46.16,1,2,9.6,0
106.98,3,0,29.4,0
47.76,1,3,34.3,1
73.93,2,0,29.6,0
68.96,2,0,22.3,0
108.85,3,0,29.0,0
80.68,2,1,51.1,0
79.74,2,2,59.4,0
49.28,1,5,11.0,1
80.22,2,1,47.8,0
55.11,1,1,1.9,0
79.05,2,0,52.9,0
77.13,2,0,49.4,1
78.59,2,0,34.9,0
52.9,1,3,8.9,1
57.06,1,2,24.3,1
76.86,2,0,17.9,0
50.49,1,6,13.5,1
51.69,1,5,24.7,1
45.04,1,3,29.3,1
110.1,3,1,39.9,0
72.67,2,1,51.5,0
41.15,1,2,44.2,0
51.83,1,2,13.5,0
48.08,1,3,23.8,1
81.01,2,2,25.7,1
79.91,2,0,14.3,1
45.12,1,2,8.3,1
49.77,1,2,49.0,0
43.83,1,2,20.4,1
86.95,2,1,21.6,0
73.22,2,0,19.0,0
49.02,1,1,39.0,0
44.79,1,2,2.4,1
52.85,1,5,5.4,1
108.34,3,0,45.9,0
47.41,1,1,19.4,0
84.27,2,1,30.7,1
80.15,2,0,30.2,0
52.58,1,0,20.1,0
45.09,1,3,25.4,0
42.98,1,2,6.1,1
80.54,2,0,22.2,0
78.41,2,1,18.0,0
83.13,2,0,21.8,0
79.6,2,1,13.7,0
51.03,1,2,32.0,1
101.88,3,1,9.7,0
89.44,2,0,10.1,1
49.18,1,0,2.7,1
113.49,3,1,36.3,0
75.82,2,1,8.4,0
81.54,2,0,58.7,0
73.49,2,0,27.8,0
112.26,3,0,33.7,1
78.22,2,1,31.5,1
50.15,1,1,27.2,1
53.49,1,4,25.1,1
103.84,3,1,6.9,0
46.58,1,0,41.0,0
52.29,1,3,16.7,0
60.49,1,1,23.0,1
49.31,1,1,45.3,1
82.96,2,1,54.2,0
109.47,3,2,7.8,0
59.71,1,3,14.1,1
41.26,1,1,22.5,0
50.47,1,3,8.2,0
101.87,3,1,6.8,0
67.47,2,0,17.9,1
51.49,1,2,14.0,1
110.7,3,1,34.6,0
108.58,3,1,37.7,0
109.47,3,0,28.8,0
125.49,3,0,40.1,0
48.71,1,2,16.0,1
82.55,2,1,35.7,0
46.75,1,4,3.4,1
111.48,3,1,24.8,1
78.81,2,1,59.6,0
77.95,2,0,18.5,1
89.09,2,1,36.0,0
55.89,1,0,7.3,0
80.68,2,1,9.3,0
98.48,3,1,52.6,0
108.19,3,1,18.7,0
63.52,1,3,3.2,1
48.85,1,2,23.8,0
55.52,1,2,46.7,1
87.21,2,1,6.0,0
111.09,3,0,49.3,0
45.79,1,2,21.2,0
67.82,2,1,51.1,0
113.42,3,0,59.5,0
75.93,2,1,21.6,0
80.88,2,0,8.6,0
73.75,2,1,9.5,0
78.67,2,1,45.8,0
50.17,1,2,7.9,1
81.34,2,1,16.4,0
74.43,2,0,13.1,0
115.98,3,0,22.0,0
77.02,2,0,5.4,0
71.63,2,1,51.5,0
49.45,1,2,21.2,1
50.17,1,1,25.4,0
50.8,1,4,13.3,1
56.81,1,2,26.0,1
78.82,2,0,45.2,0
109.4,3,0,31.7,0
44.48,1,2,13.3,1
54.1,1,1,34.9,1
110.92,3,0,42.5,0
47.9,1,5,12.0,1
70.48,2,2,20.5,0
87.22,2,0,16.9,0
73.86,2,0,12.0,1
47.04,1,4,8.8,1
51.79,1,0,32.9,0
74.02,2,0,18.2,1
72.53,2,0,50.4,0
39.38,1,2,5.3,0
83.6,2,1,34.8,0
47.27,1,2,8.8,1
94.64,2,1,15.7,1
45.03,1,2,21.5,1
105.39,3,1,48.2,0
47.17,1,0,17.6,0
51.22,1,2,1.4,1
47.65,1,3,14.2,1
53.06,1,1,39.4,0
105.11,3,1,46.6,0
103.09,3,1,37.2,0
41.01,1,1,18.7,1
38.88,1,2,20.8,1
77.41,2,0,17.7,0
108.5,3,0,10.1,0
76.84,2,0,18.0,0
56.22,1,6,15.5,1
56.14,1,2,4.3,1
78.33,2,0,37.3,1
41.03,1,2,12.8,1
77.17,2,0,51.1,0
47.0,1,3,12.6,1
76.71,2,0,19.5,0
46.51,1,4,4.5,0
76.73,2,1,16.2,0
48.07,1,1,29.9,0
76.82,2,0,28.5,1
51.04,1,1,18.0,1
81.8,2,0,38.7,0
75.45,2,0,26.2,0
86.36,2,0,3.8,0
75.1,2,1,30.7,0
71.91,2,1,4.9,0
111.9,3,0,53.1,0
45.91,1,1,25.9,1
111.61,3,2,23.3,0
37.98,1,4,3.7,1
56.96,1,2,7.6,0
53.36,1,4,41.7,1
42.5,1,2,24.8,1
72.61,2,0,49.5,0
88.36,2,2,17.8,0
76.31,2,0,16.6,0
75.83,2,2,31.8,0
38.67,1,2,30.0,1
48.25,1,2,17.4,1
48.86,1,3,22.2,0
53.58,1,1,4.0,1
43.0,1,1,26.1,1
42.4,1,3,16.4,1
82.25,2,1,50.0,0
85.03,2,0,16.8,0
102.14,3,3,21.3,0
115.41,3,0,12.7,0
80.19,2,0,30.9,0
55.46,1,2,41.0,1
79.65,2,1,32.2,0
67.39,2,0,8.3,0
49.24,1,2,15.9,0
55.3,1,1,34.2,0
105.53,3,0,35.4,0
48.06,1,3,7.8,1
79.12,2,0,5.5,0
65.5,2,1,45.5,0
58.36,1,2,49.8,1
45.49,1,4,20.6,1
52.53,1,3,34.8,1
49.57,1,0,25.2,1
56.29,1,4,16.3,1
112.03,3,0,40.8,0
48.83,1,2,7.0,1
75.53,2,0,16.4,0
53.99,1,0,16.3,1
100.63,3,0,50.7,0
53.23,1,4,17.4,1
44.5,1,1,53.5,1
116.26,3,0,37.6,0
110.81,3,0,26.0,0
53.22,1,1,37.8,0
110.41,3,0,24.7,0
41.24,1,0,50.4,0
45.7,1,2,29.5,0
53.36,1,1,27.9,1
50.83,1,1,31.1,0
85.9,2,1,40.0,0
52.02,1,3,22.5,1
45.17,1,0,9.7,0
76.02,2,1,44.5,0
80.51,2,1,9.2,0
38.43,1,3,17.2,1
88.37,2,1,36.2,0
52.21,1,3,14.0,1
86.14,2,0,8.7,1
72.1,2,1,5.4,0
116.22,3,0,9.1,0
61.16,1,4,15.5,1
43.4,1,2,1.3,1
53.86,1,0,10.9,0
50.01,1,0,8.6,0
42.28,1,2,20.7,1
112.46,3,0,3.9,0
54.17,1,3,44.5,1
46.99,1,0,6.4,1
85.83,2,0,47.3,0
41.67,1,0,1.9,0
72.53,2,0,3.8,0
50.68,1,1,13.7,1
50.13,1,1,33.5,1
46.42,1,3,2.7,1
54.05,1,1,21.3,0
112.65,3,0,8.9,0
54.29,1,5,18.9,1
79.38,2,1,21.8,1
53.01,1,2,7.0,0
47.77,1,2,23.8,1
120.27,3,0,40.4,0
45.94,1,3,22.1,1
90.53,2,0,40.8,0
110.17,3,1,49.2,0
73.12,2,0,30.1,1
116.84,3,0,37.4,0
50.63,1,1,45.1,1
54.26,1,0,54.1,0
56.12,1,2,3.8,1
81.69,2,0,11.2,0
107.04,3,0,49.3,0
54.88,1,0,13.6,0
80.0,2,0,55.8,0
53.43,1,3,2.3,0
69.23,2,0,55.4,0
52.23,1,3,7.6,1
106.81,3,2,46.7,0
88.27,2,0,24.5,0
53.12,1,0,20.7,1
51.2,1,3,6.9,1
52.43,1,1,7.7,1
45.01,1,2,4.0,0
58.12,1,2,13.4,1
119.96,3,0,27.9,0
81.96,2,1,40.8,0
87.95,2,1,41.6,0
47.15,1,5,13.7,1
106.01,3,0,40.2,0
80.2,2,0,34.2,0
52.17,1,2,33.7,1
78.03,2,0,45.3,0
82.69,2,0,12.0,0
51.53,1,1,7.5,0
45.01,1,2,1.1,1
52.59,1,2,23.1,0
54.32,1,1,12.6,1
110.86,3,1,25.6,1
115.76,3,0,57.5,0
73.91,2,0,20.5,0
52.34,1,0,40.4,1
44.15,1,4,16.8,1
74.43,2,0,14.0,0
76.85,2,1,37.3,0
45.29,1,2,26.7,1
77.26,2,0,8.3,0
108.93,3,0,30.9,0
54.19,1,1,4.0,0
48.39,1,2,20.0,0
72.07,2,1,37.6,0
55.7,1,2,41.2,1
45.81,1,1,22.9,1
49.71,1,3,7.0,1
52.23,1,3,9.9,1
81.0,2,0,18.9,0
85.47,2,0,45.5,0
52.4,1,1,29.0,0
105.69,3,0,54.0,0
120.89,3,0,48.0,0
110.97,3,0,54.2,0
49.26,1,1,13.6,0
54.82,1,1,40.4,0
111.25,3,2,44.6,0
82.0,2,0,44.8,0
62.46,1,2,30.7,0
48.62,1,5,1.7,0
48.41,1,1,16.4,0
110.58,3,1,20.1,0
85.36,2,1,51.3,0
42.47,1,1,31.7,1
40.17,1,2,7.2,0
77.06,2,0,57.0,0
101.83,3,0,11.8,0
47.88,1,1,5.9,1
82.51,2,0,13.7,0
105.55,3,1,51.8,0
42.87,1,2,17.2,1
80.35,2,0,21.9,0
54.31,1,1,41.2,0
71.53,2,1,11.9,0
84.1,2,2,23.6,0
84.09,2,0,23.2,0
84.77,2,0,15.0,0
56.09,1,1,24.6,1
121.01,3,1,41.1,0
78.22,2,0,17.5,0
50.55,1,0,15.3,0
77.92,2,0,2.1,0
80.01,2,1,21.4,0
57.66,1,2,22.0,1
103.27,3,0,17.4,0
105.69,3,0,42.3,0
56.89,1,3,18.8,1
115.1,3,1,17.7,1
48.18,1,4,13.6,1
54.27,1,1,16.5,0
51.71,1,4,21.6,1
117.5,3,1,23.6,0
80.37,2,1,15.2,0
55.13,1,3,13.8,0
63.21,1,1,18.8,0
82.99,2,0,52.0,0
50.25,1,3,37.9,1
113.61,3,0,41.2,0
108.17,3,0,28.0,0
91.94,2,0,31.0,0
110.9,3,1,16.8,0
48.64,1,1,0.5,1
105.82,3,0,20.5,0
85.49,2,0,30.2,0
84.34,2,0,4.4,0
47.51,1,1,0.9,1
112.88,3,1,16.5,0
42.46,1,7,11.2,1
50.92,1,3,24.2,0
52.26,1,3,8.0,0
88.54,2,0,14.3,0
76.15,2,1,16.4,0
73.61,2,1,5.0,0
105.52,3,0,20.2,0
43.32,1,3,4.8,1
86.68,2,1,42.5,0
57.74,1,4,17.8,1
111.6,3,0,20.3,0
116.11,3,1,8.5,0
80.67,2,0,14.4,0
79.52,2,1,14.7,0
48.33,1,4,6.7,1
48.45,1,0,26.4,1
102.26,3,0,1.9,0
51.32,1,0,37.4,0
49.8,1,0,16.1,0
53.73,1,1,7.2,0
110.47,3,1,42.6,0
49.19,1,1,8.8,0
45.64,1,0,10.8,1
80.36,2,0,38.3,0
113.69,3,0,33.7,0
44.28,1,3,12.5,1
50.44,1,1,47.4,0
51.17,1,1,9.4,1
46.41,1,2,22.0,0
47.06,1,7,0.2,1
81.15,2,0,44.3,0
74.33,2,1,30.8,1
81.75,2,2,18.1,1
45.52,1,3,11.7,1
115.31,3,0,9.4,0
61.69,1,1,10.6,1
105.7,3,1,11.1,0
82.67,2,0,5.2,1
46.37,1,1,48.0,0
85.2,2,0,21.1,0
43.67,1,1,44.4,1
82.4,2,0,33.1,0
45.64,1,5,3.4,1
48.97,1,2,27.6,1
104.84,3,0,7.0,0
54.11,1,2,19.9,1
105.82,3,1,15.3,0
52.76,1,5,10.9,1
78.28,2,0,30.0,1
79.43,2,0,12.9,1
80.74,2,0,35.1,0
46.19,1,2,34.1,1
51.05,1,1,7.9,1
57.65,1,3,6.3,1
46.11,1,5,19.9,1
85.86,2,0,25.7,0
117.49,3,0,11.4,0
105.92,3,0,21.7,0
72.72,2,0,15.5,0
81.51,2,0,14.5,0
77.26,2,0,17.7,0
59.34,1,1,10.9,1
110.17,3,0,40.4,0
75.99,2,0,20.6,1
74.26,2,1,39.3,0
55.45,1,4,13.4,1
47.14,1,1,38.1,1
50.22,1,5,8.6,0
114.78,3,0,34.7,0
77.58,2,0,17.3,0
49.77,1,1,32.1,0
109.92,3,1,20.1,0
53.42,1,1,10.1,1
52.95,1,3,53.6,0
48.9,1,2,2.4,1
80.32,2,1,11.4,0
108.14,3,1,17.2,0
42.61,1,1,29.5,1
111.29,3,1,26.8,0
59.46,1,3,10.3,1
105.58,3,1,24.2,0
76.13,2,1,57.2,0
105.65,3,1,55.6,0
53.62,1,1,25.7,1
112.24,3,0,1.5,0
79.21,2,0,24.6,0
45.41,1,2,33.8,1
110.46,3,2,53.2,0
42.18,1,2,9.0,1
110.72,3,0,24.6,0
54.36,1,0,14.4,1
73.74,2,1,26.4,1
72.34,2,1,51.0,0
57.9,1,1,49.8,0
46.94,1,0,30.6,1
55.68,1,3,7.9,0
49.23,1,0,6.2,1
49.19,1,4,5.9,0
82.19,2,0,42.3,1
45.58,1,1,29.0,0
50.66,1,2,4.5,1
78.09,2,1,20.0,0
43.4,1,2,10.3,1
111.69,3,0,48.8,0
108.68,3,0,44.4,0
79.21,2,2,40.3,1
73.95,2,0,2.3,0
117.96,3,1,54.7,0
54.38,1,3,13.7,0
54.82,1,4,20.2,1
48.47,1,4,3.3,1
71.35,2,0,5.8,0
59.76,1,1,1.6,0
79.69,2,0,34.4,0
106.26,3,1,38.1,0
112.08,3,2,4.0,0
85.84,2,0,18.1,0
49.88,1,3,9.9,1
116.39,3,0,7.0,0
85.41,2,0,13.8,0
44.62,1,2,12.5,1
46.63,1,1,5.4,1
114.79,3,0,16.0,0
66.44,2,1,12.8,1
109.25,3,1,22.0,0
102.85,3,1,23.8,0
77.62,2,0,8.2,0
78.51,2,1,41.1,0
48.21,1,1,15.4,0
47.24,1,2,22.4,1
44.51,1,1,14.2,0
91.46,2,0,23.9,0
89.34,2,0,51.5,0
104.19,3,0,44.6,0
57.91,1,2,10.1,0
78.0,2,0,36.9,0
80.65,2,3,38.1,0
79.68,2,1,6.3,0
76.7,2,0,28.5,0
54.92,1,0,16.4,0
80.63,2,2,28.6,0
47.62,1,5,4.6,1
43.48,1,2,10.3,0
45.53,1,0,8.3,0
71.79,2,1,11.2,1
110.06,3,1,57.2,0
74.02,2,0,45.1,0
78.67,2,0,2.1,0
86.85,2,0,24.7,0
86.0,2,0,16.2,0
49.84,1,0,11.5,1
49.56,1,0,8.5,1
59.4,1,1,42.1,1
52.6,1,3,13.9,0
48.36,1,3,17.1,1
42.87,1,2,3.9,1
51.97,1,0,22.0,1
114.15,3,0,25.0,0
46.84,1,2,16.0,1
51.46,1,0,6.9,1
48.18,1,3,26.7,0
79.08,2,0,53.8,0
37.56,1,1,38.2,1
48.89,1,3,3.7,1
84.85,2,0,18.5,1
46.84,1,3,19.7,1
50.26,1,0,2.5,0
46.22,1,2,7.1,0
51.8,1,1,40.0,0
48.92,1,1,18.2,0
45.3,1,2,5.2,1
116.66,3,1,26.7,0
84.64,2,1,26.3,0
76.98,2,1,41.0,0
52.49,1,3,11.1,1
112.69,3,0,29.1,0
53.21,1,3,13.6,0
41.53,1,3,36.5,1
85.03,2,1,19.9,0
47.15,1,3,10.2,1
48.21,1,2,24.6,1
93.19,2,1,6.3,0
111.51,3,0,58.3,0
48.07,1,2,38.3,0
68.97,2,1,59.2,0
116.95,3,0,21.0,0
43.27,1,3,8.0,1
44.98,1,2,9.6,0
48.34,1,1,3.4,0
57.08,1,1,2.9,0
53.87,1,6,20.3,1
109.21,3,0,5.9,0
81.54,2,1,31.2,0
77.0,2,2,4.4,1
50.7,1,2,5.3,1
110.37,3,1,38.5,0
114.84,3,1,10.6,0
114.84,3,0,46.2,0
52.47,1,1,22.8,1
78.19,2,1,55.0,0
53.71,1,2,22.5,0
49.54,1,2,27.8,1
44.59,1,0,35.0,0
77.98,2,0,56.1,1
80.42,2,0,2.6,0
54.55,1,3,4.7,1
49.08,1,2,49.2,0
43.95,1,4,4.1,0
50.28,1,1,32.4,1
50.57,1,1,9.6,1
50.93,1,2,5.3,1
84.6,2,0,4.8,0
55.09,1,3,28.5,1
47.03,1,1,4.6,0
46.92,1,2,25.5,1
104.8,3,0,3.5,0
83.49,2,0,9.1,0
87.24,2,1,17.2,0
48.42,1,4,25.0,1
78.79,2,2,53.0,1
57.33,1,2,8.0,0
82.53,2,0,9.4,0
112.18,3,0,22.8,0
74.05,2,1,31.4,1
113.39,3,1,28.6,0
75.35,2,2,20.0,0
44.33,1,1,34.1,0
108.27,3,0,16.4,0
47.07,1,3,12.3,1
78.89,2,1,20.6,0
42.8,1,3,45.2,1
54.79,1,2,55.5,0
55.64,1,1,45.8,0
40.26,1,1,26.9,0
54.89,1,3,20.5,1
75.95,2,1,8.4,0
54.28,1,2,45.1,0
49.66,1,5,9.2,1
80.14,2,1,54.2,0
49.07,1,1,12.8,0
86.06,2,0,45.8,0
73.8,2,2,41.4,0
113.04,3,3,16.7,0
85.51,2,0,40.4,0
53.58,1,4,12.2,1
91.62,2,1,38.2,1
47.36,1,1,30.6,1
54.79,1,2,3.8,0
79.47,2,1,52.5,0
56.17,1,1,39.8,0
79.96,2,0,19.3,0
108.06,3,1,12.0,0
116.53,3,1,7.9,0
107.54,3,1,4.0,0
42.94,1,2,27.9,1
47.42,1,2,14.9,0
83.1,2,0,2.4,0
56.96,1,2,24.4,0
80.56,2,0,29.5,0
86.59,2,0,5.9,1
73.21,2,0,3.6,0
47.78,1,1,12.2,0
48.56,1,0,30.3,1
49.43,1,5,5.9,0
50.42,1,3,3.2,1
113.45,3,0,9.6,0
47.78,1,1,1.1,1
50.7,1,1,20.8,1
49.77,1,3,6.9,0
75.37,2,0,11.2,0
79.43,2,1,21.6,0
49.28,1,2,20.5,0
49.17,1,4,31.7,1
50.16,1,1,5.4,0
50.38,1,0,44.6,1
77.84,2,0,49.2,0
86.36,2,2,46.2,0
44.15,1,1,19.3,0
46.4,1,1,18.7,1
123.9,3,1,11.8,0
44.81,1,2,8.3,0
73.23,2,0,3.7,0
53.67,1,4,14.9,1
39.61,1,4,15.7,1
48.82,1,2,7.2,1
90.73,2,0,17.1,0
102.28,3,1,54.5,0
40.09,1,0,54.3,0
42.5,1,2,16.2,1
54.49,1,2,30.3,0
55.62,1,2,8.0,1
47.44,1,2,28.3,1
53.42,1,4,16.0,1
86.95,2,1,25.7,0
58.94,1,1,1.0,1
48.77,1,1,14.1,1
98.49,3,2,45.5,0
45.9,1,2,5.4,0
107.87,3,0,31.9,0
48.71,1,4,1.8,1
109.06,3,0,18.3,0
85.59,2,0,16.3,0
116.37,3,0,50.5,0
109.14,3,0,12.4,0
55.49,1,4,14.6,1
111.79,3,0,47.8,0
50.32,1,3,26.3,1
54.53,1,3,10.5,1
50.36,1,3,14.4,0
90.29,2,0,28.4,0
42.81,1,4,1.5,0
77.42,2,1,32.3,0
79.37,2,1,57.1,1
82.2,2,1,10.1,0
116.34,3,0,34.8,0
49.88,1,3,31.9,1
42.89,1,3,24.6,1
54.21,1,2,12.7,1
53.77,1,2,49.5,0
40.29,1,2,2.4,1
49.98,1,5,6.6,1
42.05,1,3,9.2,1
106.68,3,0,30.3,0
75.49,2,0,21.9,0
54.05,1,0,25.4,0
80.58,2,0,20.7,0
43.57,1,2,13.5,0
54.4,1,4,23.9,1
72.83,2,2,34.2,0
51.65,1,1,28.3,0
45.93,1,1,6.7,0
108.17,3,1,48.0,0
112.52,3,1,11.3,0
82.61,2,3,7.8,0
86.68,2,2,37.8,0
79.59,2,1,24.5,0
51.53,1,3,4.5,0
47.81,1,1,22.0,0
50.91,1,2,17.4,1
52.2,1,1,36.9,1
79.51,2,0,22.4,0
40.98,1,1,12.3,0
111.66,3,0,38.3,0
111.82,3,0,53.4,0
76.6,2,0,39.1,0
73.58,2,0,49.0,0
117.38,3,0,24.5,1
52.46,1,0,31.5,1
78.85,2,0,53.9,0
44.31,1,2,38.5,1
75.89,2,0,54.7,0
56.51,1,1,26.4,0
110.69,3,3,54.3,0
107.25,3,1,37.7,0
52.55,1,3,18.7,1
45.93,1,2,1.4,1
117.5,3,2,39.8,0
56.76,1,2,17.6,1
107.67,3,1,11.3,0
76.86,2,0,40.0,0
36.91,1,1,21.6,1
42.59,1,2,1.0,1
43.3,1,2,12.2,1
80.68,2,1,34.6,0
48.37,1,1,7.1,1
73.27,2,1,3.3,0
48.59,1,1,6.8,0
82.53,2,0,6.9,0
112.64,3,0,16.5,0
100.5,3,0,15.5,0
49.36,1,4,33.2,1
103.08,3,0,34.8,0
84.51,2,1,46.1,0
83.92,2,0,5.1,0
105.51,3,0,29.6,0
46.17,1,2,20.1,0
47.69,1,3,16.2,1
98.74,3,0,42.8,0
51.68,1,3,28.9,1
108.64,3,0,3.7,0
114.85,3,0,43.5,0
44.51,1,3,9.4,1
106.9,3,1,49.7,0
42.47,1,3,13.8,1
74.98,2,0,32.9,0
74.09,2,0,4.1,0
114.98,3,0,40.4,0
46.51,1,4,15.6,1
50.62,1,4,2.2,0
78.1,2,0,4.9,0
73.65,2,0,57.5,0
79.16,2,1,21.4,0
53.0,1,1,13.4,1
43.96,1,0,33.5,1
54.05,1,1,9.0,1
105.75,3,0,53.0,0
47.59,1,2,17.7,1
52.65,1,1,18.1,0
106.68,3,0,9.9,0
50.19,1,1,16.4,1
108.43,3,0,29.8,0
80.65,2,2,6.8,0
98.1,3,0,41.0,0
40.85,1,1,34.2,0
53.08,1,4,7.5,1
85.19,2,0,36.9,0
105.45,3,2,34.9,0
78.78,2,1,27.0,0
51.47,1,4,2.3,1
83.47,2,1,57.3,0
69.86,2,0,9.2,0
75.57,2,1,27.3,0
78.34,2,1,39.7,0
113.52,3,1,26.5,0
92.49,2,1,17.7,0
48.86,1,5,1.3,1
42.97,1,0,14.8,0
52.01,1,1,13.4,1
56.6,1,2,9.0,1
50.54,1,2,29.5,1
45.47,1,1,15.2,0
54.79,1,3,16.2,1
53.32,1,6,5.4,1
104.87,3,0,54.3,0
111.91,3,3,25.1,0
54.99,1,1,58.8,0
115.91,3,0,21.5,0
79.67,2,1,50.3,0
48.21,1,0,16.1,0
56.14,1,3,5.5,0
73.95,2,0,2.9,0
82.19,2,0,36.8,0
73.15,2,1,19.4,0
55.33,1,4,8.2,1
48.71,1,2,1.0,1
56.34,1,2,12.4,1
52.46,1,2,19.2,0
43.88,1,2,36.3,1
57.12,1,1,20.6,1
117.76,3,0,49.8,0
114.41,3,0,23.1,0
46.19,1,2,12.0,1
108.47,3,0,10.9,0
50.73,1,0,52.2,1
46.48,1,1,14.6,1
58.46,1,1,19.5,1
80.72,2,0,24.7,0
96.48,3,2,49.1,1
81.7,2,0,25.5,0
48.26,1,2,27.8,0
79.63,2,1,50.0,0
48.16,1,4,11.5,0
114.04,3,0,14.0,0
85.6,2,1,19.6,0
51.42,1,1,47.5,0
78.3,2,0,23.0,0
79.79,2,0,22.1,0
50.1,1,4,26.4,1
75.99,2,1,23.6,0
52.89,1,3,15.6,0
82.3,2,1,37.8,0
117.7,3,2,44.3,1
116.28,3,2,5.1,0
76.57,2,0,37.5,0
84.1,2,0,3.1,0
45.25,1,0,18.1,1
83.48,2,2,16.2,0
47.42,1,1,17.6,1
44.88,1,7,1.4,1
51.4,1,3,18.0,1
36.63,1,2,4.5,1
71.25,2,0,44.3,1
49.11,1,1,27.8,1
80.41,2,1,1.4,0
48.15,1,1,16.7,0
42.1,1,1,42.6,1
75.91,2,2,8.5,1
51.96,1,4,3.2,1
52.91,1,6,1.5,1
79.92,2,1,18.5,0
55.78,1,2,3.9,1
111.99,3,0,20.3,0
46.26,1,4,6.3,1
48.6,1,3,27.2,0
72.99,2,0,38.9,0
49.46,1,6,6.3,1
55.56,1,3,5.7,0
53.43,1,1,42.8,0
57.01,1,1,28.1,0
108.49,3,1,33.8,0
56.73,1,4,11.7,1
79.03,2,0,53.5,0
117.36,3,0,34.0,0
49.89,1,1,55.5,0
113.54,3,0,31.1,0
57.38,1,1,18.3,0
109.03,3,0,22.0,0
51.09,1,1,15.7,1
86.44,2,0,32.3,0
49.33,1,1,20.4,1
43.4,1,1,14.2,0
90.72,2,0,39.9,0
77.65,2,0,46.9,0
50.79,1,4,24.1,1
55.78,1,0,29.4,0
76.96,2,0,20.2,1
74.96,2,0,24.9,0
111.27,3,0,7.3,0
71.03,2,2,32.8,1
108.56,3,0,13.5,0
81.23,2,1,43.1,0
48.65,1,2,11.6,0
42.28,1,3,2.0,0
87.97,2,0,10.4,0
80.52,2,1,23.2,0
57.16,1,1,7.3,0
48.7,1,3,12.7,0
105.6,3,0,46.1,0
81.35,2,1,46.4,0
48.92,1,3,33.9,1
44.11,1,3,18.9,1
57.35,1,2,25.8,0
46.89,1,2,19.1,1
40.8,1,3,18.7,1
56.64,1,2,4.7,1
77.48,2,0,43.4,0
46.96,1,1,13.6,0
101.17,3,2,47.6,0
118.7,3,1,26.3,0
43.55,1,3,7.2,1
80.29,2,0,8.0,0
54.56,1,2,10.7,0
112.11,3,0,53.5,0
49.7,1,3,10.0,1
71.49,2,0,22.1,0
75.95,2,0,18.2,0
50.94,1,1,13.9,0
46.06,1,1,29.4,1
81.02,2,0,13.3,0
83.41,2,0,55.5,0
54.81,1,2,11.3,1
73.87,2,1,45.7,1
60.98,1,4,12.6,1
83.84,2,1,41.8,0
49.99,1,5,7.2,1
115.45,3,0,50.0,0
61.83,1,0,50.3,0
42.81,1,0,33.7,1
48.87,1,1,38.3,0
38.11,1,1,55.4,0
80.96,2,0,55.9,0
51.83,1,2,31.1,1
109.8,3,1,1.5,0
46.73,1,3,7.2,0
39.75,1,3,22.9,1
51.87,1,1,6.0,0
57.28,1,3,9.4,1
47.04,1,3,14.6,0
52.2,1,2,20.6,1
42.16,1,1,35.0,0
52.29,1,1,4.3,1
78.03,2,0,13.2,0
76.19,2,1,46.1,0
46.2,1,2,17.9,1
48.03,1,3,4.1,0
111.91,3,0,8.9,0
73.44,2,1,38.9,0
78.01,2,1,48.5,0
49.79,1,1,35.7,1
74.5,2,0,43.5,0
88.98,2,0,53.4,0
75.73,2,1,13.8,0
106.65,3,0,7.3,0
45.11,1,2,0.6,1
58.99,1,5,25.9,1
82.76,2,0,34.8,1
105.32,3,0,30.4,1
55.53,1,0,8.5,1
51.0,1,3,12.7,1
51.29,1,2,4.6,0
48.28,1,2,7.4,0
76.25,2,0,10.2,1
81.69,2,0,12.7,0
47.27,1,4,2.7,0
59.08,1,6,12.4,1
43.65,1,1,18.0,1
57.68,1,3,9.4,1
79.44,2,1,39.6,1
111.5,3,1,3.8,0
114.17,3,0,17.8,0
46.85,1,0,37.8,0
114.32,3,0,46.0,0
66.46,2,0,1.6,0
76.4,2,0,20.2,0
45.38,1,1,13.6,0
43.73,1,0,21.1,1
48.93,1,3,31.2,1
51.93,1,2,24.9,0
53.51,1,2,1.0,1
51.2,1,0,36.3,0
46.67,1,1,38.9,0
81.85,2,1,49.2,0
50.62,1,3,14.4,1
54.68,1,0,49.5,1
113.88,3,0,26.9,0
110.15,3,0,18.5,0
75.51,2,0,21.6,0
106.74,3,0,31.7,0
77.25,2,1,27.5,1
108.42,3,2,44.4,0
51.34,1,1,35.0,0
53.58,1,1,10.6,0
49.74,1,2,9.8,0
50.08,1,1,27.0,1
50.72,1,0,44.0,0
77.42,2,0,45.3,0
75.37,2,0,14.3,0
71.22,2,1,6.9,0
46.52,1,0,23.7,0
112.37,3,0,55.2,0
76.49,2,0,33.2,0
48.81,1,2,19.9,0
82.33,2,0,20.1,0
52.6,1,2,8.8,0
44.6,1,3,14.1,1
114.99,3,0,47.7,0
55.64,1,1,8.8,1
44.35,1,0,30.6,0
105.88,3,0,10.9,0
85.96,2,2,0.9,1
49.27,1,3,9.1,1
38.9,1,2,5.2,0
43.0,1,4,3.2,1
78.75,2,1,49.9,0
44.18,1,2,10.9,1
47.93,1,3,34.1,0
110.16,3,0,43.1,0
87.31,2,1,40.9,0
48.55,1,4,2.0,0
85.36,2,1,8.2,0
87.14,2,0,10.6,0
57.17,1,0,15.6,1
51.42,1,5,20.3,1
100.18,3,0,33.2,0
52.3,1,3,4.1,1
85.24,2,0,21.1,0
49.59,1,5,12.4,1
58.72,1,5,6.2,1
54.3,1,4,23.3,0
52.84,1,5,13.4,1
55.43,1,3,24.1,1
51.67,1,3,15.0,1
97.54,3,0,2.2,0
107.5,3,0,57.5,0
85.99,2,2,46.8,0
105.96,3,1,9.8,0
48.88,1,0,5.5,0
104.78,3,1,19.2,0
58.92,1,7,0.9,1
118.41,3,0,37.4,0
105.58,3,1,17.3,0
80.74,2,0,27.3,0
106.6,3,0,13.5,0
83.07,2,1,4.0,0
52.55,1,1,15.3,1
54.06,1,2,10.8,1
81.66,2,1,33.0,0
64.68,1,2,32.0,1
74.86,2,1,9.5,0
101.45,3,0,1.1,0
48.03,1,2,5.5,0
72.16,2,0,28.3,0
102.54,3,2,42.7,0
104.99,3,1,35.3,0
105.39,3,0,30.2,0
75.23,2,0,18.3,1
112.59,3,0,19.3,0
77.47,2,0,23.2,0
49.1,1,2,7.6,1
54.47,1,0,10.9,0
76.17,2,0,45.0,1
48.68,1,3,20.8,1
81.83,2,0,16.9,0
70.29,2,0,24.8,1
38.08,1,1,32.7,1
81.73,2,0,2.2,0
82.46,2,1,12.8,0
60.32,1,4,18.3,1
50.79,1,4,12.9,1
54.1,1,2,13.5,0
49.02,1,0,54.2,1
111.49,3,0,38.9,0
58.34,1,2,33.8,1
69.38,2,0,20.4,0
52.07,1,1,12.6,1
60.68,1,2,12.7,1
111.41,3,1,15.9,0
88.25,2,1,54.8,0
46.85,1,2,6.4,0
49.84,1,2,25.8,1
50.17,1,1,17.7,1
38.91,1,5,2.6,1
74.16,2,0,32.8,0
44.52,1,3,35.7,1
54.11,1,0,1.4,0
54.36,1,2,30.3,0
111.62,3,0,44.5,0
114.12,3,0,47.2,0
49.18,1,1,10.3,0
86.01,2,1,25.7,0
50.04,1,3,25.7,0
50.29,1,2,5.4,1
78.67,2,1,27.1,0
113.42,3,1,48.6,0
107.89,3,0,18.7,0
84.88,2,1,26.5,0
44.34,1,0,24.7,1
74.51,2,0,2.9,0
53.44,1,0,33.5,1
79.56,2,1,44.9,0
47.73,1,2,27.7,1
84.45,2,0,43.2,0
46.96,1,4,6.1,1
49.0,1,1,4.5,0
117.0,3,0,22.3,1
57.7,1,3,5.6,1
87.86,2,0,6.5,0
48.59,1,1,1.7,0
56.15,1,2,30.1,1
45.26,1,1,43.0,0
45.47,1,3,4.7,1
98.25,3,0,56.5,0
58.36,1,3,6.1,1
105.68,3,0,58.1,0
79.37,2,0,55.8,0
45.45,1,3,29.4,0
83.48,2,0,30.6,1
78.12,2,0,40.5,0
73.48,2,0,23.6,1
52.21,1,0,36.1,1
42.83,1,3,10.0,0
105.81,3,1,14.8,0
99.47,3,0,16.7,0
102.88,3,0,49.3,0
50.89,1,2,48.8,0
70.18,2,0,30.2,0
42.59,1,0,15.0,1
49.99,1,3,32.9,1
47.28,1,1,18.6,1
89.96,2,1,4.0,0
59.17,1,1,11.6,1
45.66,1,1,37.0,1
112.79,3,1,47.6,0
53.75,1,4,7.6,1
47.01,1,3,4.8,0
42.52,1,2,36.0,1
109.94,3,0,50.2,0
79.14,2,0,40.2,0
47.82,1,0,26.1,0
112.21,3,0,8.3,0
106.25,3,0,54.7,0
44.24,1,0,17.3,0
80.55,2,1,14.2,0
81.93,2,0,8.9,1
74.12,2,1,42.2,1
54.64,1,3,17.2,1
101.15,3,0,37.9,0
77.11,2,1,19.8,0
48.71,1,4,2.2,0
46.82,1,2,12.3,0
47.17,1,2,35.5,0
59.36,1,2,9.9,0
75.75,2,0,53.1,0
62.21,1,1,12.1,0
52.19,1,3,8.1,1
80.46,2,1,26.4,1
52.38,1,2,36.6,0
122.65,3,1,20.3,0
45.03,1,1,51.6,1
44.4,1,2,27.2,0
46.23,1,0,18.8,1
50.16,1,2,23.9,1
41.37,1,0,7.9,0
80.11,2,0,37.7,0
118.47,3,1,33.5,0
50.76,1,1,54.0,0
78.54,2,1,53.0,0
76.91,2,1,9.9,0
114.49,3,0,5.8,0
45.87,1,1,11.0,1
59.23,1,5,2.6,1
59.67,1,4,2.3,0
81.28,2,1,40.7,0
109.94,3,0,36.9,0
55.15,1,1,33.3,1
55.47,1,0,13.9,0
105.97,3,0,14.4,0
107.37,3,0,26.4,0
103.39,3,0,6.7,0
82.05,2,0,5.4,0
53.33,1,0,6.2,0
73.25,2,2,34.8,0
77.72,2,1,18.6,1
43.26,1,1,18.3,0
75.51,2,0,19.6,0
82.76,2,0,13.2,0
46.33,1,2,25.3,0
78.5,2,1,13.0,0
71.86,2,0,23.7,1
110.93,3,0,8.3,0
49.78,1,3,11.8,1
46.36,1,3,4.9,1
79.05,2,1,56.7,0
50.9,1,3,11.1,1
75.93,2,0,41.2,0
72.62,2,1,54.8,0
59.03,1,3,8.0,1
76.83,2,0,11.4,0
79.52,2,0,15.9,0
55.05,1,1,15.4,0
127.65,3,1,19.3,0
103.78,3,0,25.3,1
82.25,2,0,2.7,0
76.46,2,0,23.6,0
47.31,1,3,15.5,0
106.4,3,1,36.8,0
74.37,2,1,34.7,1
79.79,2,1,12.1,1
102.63,3,0,26.1,0
54.73,1,3,22.7,0
110.28,3,0,47.3,0
52.11,1,0,5.2,0
47.67,1,6,2.7,1
48.16,1,2,14.2,1
111.44,3,0,19.5,0
104.18,3,0,58.5,0
78.21,2,0,56.2,0
75.7,2,0,38.9,0
75.55,2,0,2.1,0
99.45,3,0,45.2,0
56.7,1,2,20.8,0
46.57,1,3,16.7,1
55.82,1,1,10.4,0
85.34,2,1,31.9,0
73.57,2,0,44.9,0
44.56,1,2,10.1,1
62.8,1,3,28.1,1
118.75,3,0,12.5,0
49.84,1,0,4.9,0
81.29,2,1,39.0,0
106.85,3,1,51.1,0
52.16,1,1,5.2,1
46.41,1,1,46.3,0
69.84,2,1,12.8,0
103.39,3,0,58.7,0
80.11,2,1,55.2,0
104.34,3,1,10.6,0
49.66,1,3,6.5,1
74.63,2,0,33.8,0
76.09,2,1,27.1,0
114.27,3,0,59.1,0
51.24,1,6,1.9,1
109.95,3,0,38.0,0
84.39,2,0,13.1,0
52.4,1,3,13.6,1
57.23,1,2,47.0,0
107.7,3,2,15.6,0
47.85,1,3,14.3,1
43.49,1,2,14.5,1
47.86,1,1,45.9,0
114.82,3,2,21.4,1
86.5,2,1,14.1,0
84.8,2,2,26.1,0
41.03,1,3,46.7,0
85.42,2,2,49.4,0
70.81,2,1,15.4,0
114.49,3,1,40.1,0
108.16,3,1,6.6,0
53.51,1,0,2.4,0
73.34,2,1,33.4,0
55.86,1,1,14.2,0
72.68,2,0,5.7,0
46.66,1,2,15.7,1
45.01,1,2,24.6,1
41.23,1,3,9.0,1
80.47,2,0,40.2,0
59.03,1,0,44.1,0
93.33,2,3,16.8,1
50.49,1,2,16.5,0
55.58,1,6,14.6,1
81.16,2,1,12.8,0
52.49,1,1,49.1,0
48.29,1,2,5.6,1
80.98,2,2,14.4,0
52.69,1,2,29.5,1
47.11,1,1,34.3,1
49.61,1,2,5.8,0
109.71,3,0,7.5,0
84.13,2,0,50.8,0
74.67,2,0,7.5,0
79.74,2,0,3.3,0
59.56,1,2,21.5,0
55.82,1,0,28.5,0
86.75,2,0,34.6,0
50.12,1,1,30.9,0
51.6,1,2,4.7,1
55.01,1,1,46.4,0
57.8,1,1,47.0,1
100.24,3,0,29.1,0
43.42,1,0,6.0,0
86.55,2,0,57.4,0
48.62,1,1,1.2,0
106.64,3,0,46.8,0
43.73,1,7,2.8,0
47.22,1,1,45.9,0
72.99,2,1,46.4,1
90.46,2,1,20.6,1
49.89,1,2,15.2,0
49.71,1,4,10.1,1
52.94,1,2,17.5,1
54.81,1,2,11.1,0
54.73,1,2,40.7,0
55.37,1,4,6.8,1
46.85,1,1,20.1,0
48.51,1,2,28.2,0
83.85,2,0,13.6,1
107.36,3,1,9.4,0
79.97,2,1,42.8,0
51.99,1,4,17.5,1
53.93,1,1,17.4,0
101.11,3,2,11.6,0
53.57,1,0,24.9,1
48.83,1,3,1.7,1
83.54,2,1,3.4,0
83.88,2,1,6.0,1
88.04,2,0,15.1,0
56.77,1,1,11.1,0
56.73,1,0,36.5,1
117.22,3,0,18.2,0
51.46,1,1,15.4,1
80.16,2,1,11.5,0
84.36,2,1,49.3,0
83.66,2,0,30.6,0
48.45,1,4,5.6,0
52.02,1,5,6.9,1
79.82,2,0,53.6,0
105.73,3,0,10.6,0
116.45,3,1,43.8,0
50.28,1,2,11.0,1
60.24,1,0,45.5,0
101.87,3,0,43.1,0
77.22,2,1,2.6,0
110.16,3,1,11.5,0
55.69,1,0,28.8,0
82.0,2,1,56.1,0
81.55,2,1,21.2,0
74.36,2,1,38.1,0
44.22,1,4,1.7,0
51.61,1,1,38.1,1
73.18,2,1,36.6,0
47.34,1,0,43.2,0
52.5,1,2,50.6,1
105.09,3,0,9.6,0
58.03,1,2,15.0,1
116.12,3,0,59.8,0
42.14,1,0,10.2,0
75.34,2,0,43.5,0
98.57,3,1,43.8,0
46.09,1,1,41.3,0
53.83,1,1,14.4,0
47.93,1,0,13.7,0
52.3,1,3,17.5,1
72.39,2,0,12.0,0
113.99,3,0,14.7,1
47.22,1,2,29.3,1
50.06,1,1,23.8,0
49.54,1,5,4.8,1
73.64,2,1,56.9,0
44.23,1,4,7.8,1
84.84,2,0,34.1,0
81.99,2,0,57.0,0
85.25,2,0,39.6,0
51.62,1,3,42.9,1
80.71,2,0,7.3,0
41.37,1,2,17.4,1
48.65,1,2,5.0,1
109.86,3,1,48.8,0
89.77,2,0,51.5,0
53.43,1,3,17.0,0
57.68,1,2,17.2,1
52.99,1,1,43.8,0
46.44,1,2,6.8,0
50.59,1,3,45.0,1
51.18,1,1,7.5,0
45.3,1,2,22.9,1
78.08,2,2,17.3,0
78.97,2,2,35.0,0
88.03,2,0,7.9,0
39.6,1,2,16.9,0
116.03,3,0,24.8,0
105.32,3,0,29.7,0
103.14,3,0,1.0,0
115.9,3,0,53.4,0
113.66,3,0,1.5,0
86.27,2,1,46.6,0
54.0,1,2,21.6,1
90.3,2,0,31.9,0
82.79,2,2,13.3,0
79.22,2,0,36.8,0
81.71,2,0,32.7,0
56.22,1,4,10.7,0
46.1,1,4,0.1,1
106.74,3,0,4.9,0
78.46,2,3,4.9,0
69.48,2,1,1.8,0
50.69,1,1,12.2,1
40.57,1,0,16.8,1
110.27,3,0,19.7,0
84.33,2,1,21.2,0
77.62,2,0,8.8,0
58.39,1,1,18.0,1
72.7,2,1,21.2,0
55.96,1,3,40.9,0
83.38,2,1,44.7,0
41.42,1,3,24.2,1
63.55,1,2,12.1,1
79.68,2,0,31.0,0
105.61,3,1,15.9,0
42.96,1,3,17.1,1
108.9,3,1,46.2,0
49.36,1,2,28.4,1
50.51,1,1,48.1,1
48.51,1,2,31.0,1
53.17,1,1,7.1,1
78.06,2,1,6.6,0
40.33,1,2,28.7,1
49.25,1,0,26.8,1
98.16,3,2,52.1,0
51.77,1,7,1.8,1
75.1,2,1,24.2,0
50.82,1,2,39.4,0
86.57,2,0,46.0,0
45.26,1,2,23.7,1
55.31,1,2,29.1,0
47.83,1,0,3.0,1
58.77,1,2,52.7,0
48.17,1,2,18.2,1
75.8,2,0,2.3,0
113.44,3,1,8.3,0
107.82,3,1,51.3,0
75.79,2,0,50.2,0
47.61,1,3,12.2,1
49.78,1,2,35.5,0
56.71,1,1,2.2,1
40.33,1,2,27.5,1
80.12,2,1,24.3,1
83.12,2,0,13.4,0
50.97,1,3,29.3,1
56.55,1,2,7.0,0
109.63,3,0,53.7,0
79.08,2,1,9.8,0
52.96,1,0,17.2,1
110.5,3,0,37.0,0
108.05,3,0,46.8,0
52.58,1,3,33.5,0
46.74,1,3,4.5,0
76.94,2,1,42.6,0
107.36,3,0,23.6,0
116.77,3,3,19.9,0
33.89,1,1,29.4,1
51.98,1,2,20.3,1
80.17,2,1,42.9,0
71.6,2,0,32.1,0
51.55,1,4,3.6,1
112.38,3,0,45.4,0
82.95,2,0,27.0,1
96.74,3,1,59.9,0
116.83,3,1,28.1,0
76.31,2,1,42.7,0
53.43,1,2,48.1,0
83.71,2,0,23.2,0
45.62,1,5,7.0,1
83.3,2,1,25.2,1
48.07,1,1,2.9,0
69.64,2,0,20.8,0
55.84,1,3,17.7,1
46.12,1,2,1.1,0
45.73,1,2,28.0,1
47.98,1,1,17.9,0
81.36,2,0,16.2,0
79.71,2,1,49.4,0
82.74,2,0,17.4,0
43.3,1,5,28.8,1
46.29,1,3,32.6,1
49.42,1,2,35.8,1
59.49,1,4,30.4,1
109.43,3,1,6.2,0
55.43,1,5,5.7,0
50.19,1,1,5.9,1
47.58,1,5,3.1,0
48.77,1,1,30.5,0
79.16,2,1,24.3,0
83.02,2,1,30.8,1
56.87,1,1,18.6,0
51.8,1,1,21.6,1
55.94,1,1,19.3,1
45.18,1,2,12.5,0
47.93,1,3,17.4,1
106.38,3,0,40.7,0
81.57,2,0,49.9,0
78.21,2,0,52.6,0
53.65,1,3,38.2,1
45.34,1,0,34.3,1
80.22,2,1,4.3,0
83.43,2,0,7.5,0
69.67,2,0,48.9,0
60.61,1,0,10.1,1
78.58,2,1,22.0,0
39.87,1,2,9.6,0
110.79,3,1,12.5,0
80.17,2,1,46.7,0
79.59,2,0,16.4,0
54.96,1,3,11.1,1
83.74,2,1,9.9,0
51.49,1,1,38.3,1
52.25,1,2,44.0,0
49.48,1,2,22.3,0
88.88,2,0,47.3,0
42.6,1,5,15.0,1
50.7,1,2,40.9,1
110.33,3,0,44.1,0
54.07,1,5,7.8,1
75.78,2,1,14.7,0
41.28,1,1,6.5,0
50.78,1,1,16.5,0
81.41,2,0,8.2,0
57.45,1,4,8.8,1
43.65,1,4,6.6,1
85.77,2,1,25.4,0
91.84,2,0,22.9,1
78.11,2,0,12.5,0
43.55,1,5,6.6,1
47.97,1,3,14.4,1
80.07,2,0,53.0,0
82.82,2,3,10.5,1
107.04,3,0,45.4,0
117.78,3,1,47.5,0
104.43,3,0,26.8,0
41.3,1,0,31.1,0
55.53,1,0,56.0,0
68.63,2,1,12.6,1
48.98,1,2,3.5,0
65.59,1,3,19.9,1
109.94,3,0,34.8,0
104.4,3,1,49.1,0
49.71,1,2,5.5,0
49.75,1,3,1.3,1
50.8,1,1,15.6,0
113.31,3,2,0.4,1
104.8,3,1,7.5,0
58.44,1,2,21.1,1
51.23,1,2,6.2,0
113.63,3,0,2.5,0
46.86,1,5,10.2,1
86.43,2,0,20.6,0
108.71,3,0,38.0,0
51.39,1,0,8.8,0
75.33,2,0,26.8,0
45.02,1,5,9.3,1
53.44,1,2,9.5,1
107.78,3,1,3.7,0
45.73,1,2,22.0,0
106.78,3,1,17.5,1
83.49,2,1,19.3,1
46.85,1,1,12.0,1
49.41,1,1,11.1,1
50.08,1,2,4.7,0
40.41,1,2,19.4,1
42.64,1,2,16.6,1
51.68,1,0,54.2,0
46.31,1,1,19.4,0
85.28,2,0,54.8,0
84.83,2,2,24.8,0
83.6,2,0,26.0,1
59.1,1,5,9.7,1
49.58,1,2,26.2,0
83.24,2,2,24.7,1
47.08,1,1,8.2,1
62.26,1,0,33.3,1
119.92,3,2,38.4,0
80.06,2,0,41.7,0
81.93,2,2,14.6,0
56.8,1,4,7.7,1
79.26,2,0,40.0,0
76.72,2,2,12.6,0
84.37,2,1,45.3,0
80.39,2,1,11.2,0
110.91,3,0,4.7,0
75.83,2,0,32.1,0
41.41,1,3,16.6,1
81.18,2,1,7.5,1
84.52,2,1,21.6,0
78.87,2,0,56.8,0
57.18,1,1,14.8,1
46.48,1,1,10.2,0
104.73,3,0,59.6,0
79.66,2,0,18.8,0
109.59,3,1,41.1,0
83.85,2,0,14.7,0
76.13,2,2,33.5,0
86.84,2,1,23.8,0
119.83,3,1,57.7,0
79.8,2,1,26.5,0
86.25,2,0,35.5,0
44.72,1,3,32.7,1
55.38,1,2,42.7,1
85.24,2,3,7.0,0
54.32,1,7,2.8,1
49.92,1,1,23.5,0
35.23,1,2,36.1,0
46.79,1,2,23.1,0
46.87,1,2,24.7,0
45.11,1,1,8.6,1
110.61,3,0,34.8,0
77.91,2,0,33.3,0
45.88,1,1,12.2,0
44.71,1,1,33.0,0
76.42,2,0,11.5,1
55.61,1,1,43.2,0
106.69,3,2,29.4,0
77.43,2,1,53.7,1
77.72,2,0,9.2,1
51.69,1,0,5.1,1
82.28,2,0,33.3,0
34.78,1,3,11.7,0
115.11,3,0,46.3,0
87.18,2,2,10.5,1
44.75,1,2,22.3,0
45.14,1,2,26.7,0
47.75,1,2,7.4,1
76.22,2,0,17.8,0
51.12,1,3,29.5,1
70.27,2,0,37.4,0
44.41,1,4,4.8,0
87.7,2,0,50.5,0
105.36,3,0,12.0,0
86.22,2,2,56.4,1
81.78,2,0,23.2,0
40.95,1,4,9.5,1
53.18,1,0,5.6,0
79.41,2,1,21.3,0
47.72,1,1,48.3,0
51.22,1,2,23.6,1
52.37,1,3,13.0,1
53.54,1,2,26.3,1
55.89,1,2,8.7,1
112.04,3,0,8.4,1
43.12,1,1,17.9,1
77.63,2,0,34.3,0
64.72,1,3,29.6,1
83.62,2,1,14.1,0
61.85,1,2,51.8,0
116.98,3,2,35.9,0
111.21,3,1,43.8,0
51.51,1,4,3.0,1
109.82,3,1,30.3,1
101.31,3,0,19.3,0
110.09,3,0,48.5,0
116.05,3,0,31.0,0
47.0,1,1,17.2,0
82.06,2,0,57.2,0
54.26,1,1,24.5,1
45.45,1,4,13.7,1
107.74,3,1,22.5,0
44.91,1,0,16.8,1
75.89,2,2,11.5,1
103.56,3,0,41.6,0
105.5,3,1,3.3,0
117.1,3,1,18.2,0
45.42,1,1,52.4,1
50.63,1,1,22.6,1
47.49,1,3,13.4,1
55.89,1,1,13.6,0
56.56,1,2,12.7,1
54.32,1,1,10.6,1
81.53,2,0,46.8,0
78.84,2,1,24.4,0
44.04,1,2,26.5,1
89.72,2,0,33.2,0
46.2,1,3,3.2,1
53.32,1,0,6.6,0
85.3,2,0,38.3,0
77.22,2,0,52.9,0
85.19,2,0,11.5,0
53.82,1,1,20.0,1
118.64,3,0,2.5,0
77.65,2,1,38.6,1
73.57,2,1,19.3,1
77.47,2,1,21.9,0
111.04,3,1,7.3,0
80.29,2,0,39.9,0
78.03,2,1,2.8,0
100.45,3,1,29.5,0
82.35,2,0,17.0,0
59.86,1,4,6.0,1
82.32,2,1,2.1,0
53.05,1,1,4.0,0
52.86,1,1,1.9,0
81.99,2,0,37.5,0
114.66,3,0,34.0,0
111.98,3,0,14.8,0
48.44,1,1,23.0,1
76.02,2,0,53.2,0
48.76,1,5,8.9,1
111.57,3,0,50.1,0
108.42,3,1,40.1,0
81.57,2,2,3.0,0
112.2,3,0,23.1,0
84.17,2,0,31.0,0
86.41,2,0,44.2,0
50.39,1,1,8.1,1
43.46,1,0,17.7,1
78.27,2,0,41.4,0
80.22,2,0,23.0,0
40.82,1,2,6.7,0
116.94,3,1,11.7,0
50.71,1,0,29.8,0
81.91,2,0,30.2,0
86.83,2,1,46.3,0
76.85,2,1,43.8,0
82.87,2,2,12.9,0
49.45,1,0,36.1,0
49.08,1,3,2.2,0
76.14,2,1,13.0,1
88.33,2,0,46.1,0
48.12,1,2,13.7,1
83.5,2,1,50.3,0
40.62,1,2,11.6,1
85.9,2,0,36.8,0
115.26,3,0,9.6,0
50.49,1,1,23.4,0
48.87,1,1,1.6,0
82.0,2,2,36.6,0
91.44,2,0,49.5,0
71.18,2,0,32.8,1
113.91,3,0,47.4,0
105.44,3,0,48.2,0
109.9,3,0,51.2,0
78.76,2,0,16.7,0
47.86,1,1,17.1,1
49.95,1,1,17.0,1
44.33,1,0,18.1,0
85.15,2,0,59.3,0
41.03,1,6,5.8,1
112.7,3,0,34.9,0
78.37,2,1,50.7,0
74.15,2,1,16.4,0
51.01,1,2,25.5,0
42.22,1,6,2.8,1
50.2,1,1,31.7,0
42.89,1,3,27.6,1
52.31,1,1,13.6,0
75.38,2,0,40.7,0
107.75,3,1,7.9,0
111.47,3,0,4.6,0
76.14,2,0,23.7,0
49.71,1,0,25.2,0
102.43,3,0,19.9,0
113.15,3,1,16.2,0
58.82,1,1,21.0,0
93.96,2,2,10.6,0
50.46,1,1,24.8,0
113.94,3,1,54.4,0
101.1,3,1,14.2,0
57.51,1,1,21.7,1
113.88,3,0,9.4,0
77.58,2,0,21.9,0
116.19,3,0,19.9,0
48.73,1,3,22.5,1
107.71,3,4,12.2,1
52.38,1,1,41.7,0
44.68,1,4,13.8,1
55.11,1,2,9.3,0
104.72,3,0,56.4,0
104.75,3,0,21.4,0
105.45,3,0,3.6,0
113.8,3,0,13.8,1
46.92,1,2,20.8,0
43.26,1,4,2.8,1
46.97,1,1,37.6,0
49.84,1,2,14.2,1
44.1,1,1,36.5,1
44.24,1,3,1.4,0
60.56,1,4,23.6,1
45.7,1,1,9.3,1
48.38,1,1,25.9,1
48.16,1,2,41.7,1
107.89,3,0,11.1,0
83.11,2,0,4.1,1
114.74,3,1,10.0,0
48.47,1,1,4.9,1
43.82,1,3,10.9,0
86.37,2,0,40.8,0
49.52,1,4,17.0,1
58.65,1,4,7.2,1
38.77,1,1,3.8,0
50.98,1,2,51.8,0
59.59,1,1,11.1,0
48.23,1,2,22.2,0
78.87,2,0,5.2,0
51.48,1,2,9.1,0
47.21,1,5,18.9,1
108.44,3,0,41.9,0
48.31,1,3,22.9,1
46.86,1,0,33.6,0
116.14,3,0,57.2,0
52.31,1,4,7.8,1
51.25,1,2,25.5,1
54.04,1,7,2.1,1
48.68,1,2,6.8,0
76.13,2,2,11.0,1
106.99,3,1,19.6,0
50.01,1,2,16.7,1
74.7,2,0,13.2,0
77.5,2,1,50.5,0
47.42,1,2,18.6,1
90.62,2,0,20.0,0
36.13,1,2,50.7,0
49.1,1,6,11.1,1
58.63,1,2,11.0,1
50.61,1,1,21.2,0
53.77,1,1,26.3,1
110.5,3,1,14.5,0
46.66,1,5,7.9,1
38.79,1,5,5.2,1
51.03,1,1,44.7,0
76.12,2,0,13.2,0
76.0,2,2,51.1,0
77.51,2,0,25.8,0
88.72,2,0,13.8,0
122.02,3,0,33.0,0
51.09,1,5,6.1,1
77.68,2,0,58.1,0
104.11,3,2,45.1,0
112.34,3,0,1.3,0
118.91,3,0,8.9,0
48.76,1,1,5.5,0
38.11,1,2,5.1,1
53.35,1,3,23.6,0
84.93,2,0,21.0,0
42.07,1,2,7.7,0
50.88,1,2,47.2,1
112.26,3,1,16.7,1
49.63,1,4,7.1,1
106.05,3,0,22.9,0
55.08,1,2,3.4,1
47.98,1,5,5.6,1
42.57,1,2,26.9,0
69.75,2,0,37.0,0
56.3,1,3,24.9,1
53.08,1,2,7.7,1
110.44,3,0,54.1,0
47.8,1,0,28.7,0
77.36,2,0,15.1,0
74.62,2,0,56.8,0
47.84,1,2,44.4,0
69.4,2,1,38.8,0
46.32,1,4,8.1,1
78.45,2,0,5.5,0
53.05,1,1,5.0,0
79.8,2,0,10.0,0
53.97,1,3,9.7,0
86.75,2,0,25.8,0
55.29,1,3,10.3,0
52.35,1,0,51.4,0
50.06,1,4,11.0,1
45.1,1,1,21.3,1
113.7,3,0,5.1,0
58.4,1,2,12.8,1
111.71,3,0,7.9,0
119.59,3,0,44.8,0
72.37,2,1,48.4,0
44.23,1,2,14.0,1
54.28,1,0,8.3,1
81.32,2,0,47.4,0
56.57,1,1,19.2,0
49.92,1,3,14.1,0
75.66,2,1,28.8,0
108.93,3,1,55.4,0
72.34,2,0,18.5,0
44.36,1,1,24.8,1
84.86,2,1,4.2,0
54.36,1,1,5.9,0
51.82,1,0,21.0,1
101.39,3,0,12.2,0
48.21,1,0,18.2,1
43.88,1,2,9.0,0
55.88,1,0,20.6,0
107.08,3,2,17.5,0
74.57,2,0,16.2,1
80.15,2,1,42.4,0
76.8,2,0,57.3,0
57.42,1,4,11.0,1
46.33,1,1,38.8,1
43.0,1,4,31.4,1
39.24,1,2,8.7,1
49.85,1,1,10.2,1
107.19,3,3,11.2,1
42.86,1,3,12.1,1
55.95,1,3,13.0,1
53.34,1,2,21.0,1
49.86,1,2,23.5,1
116.82,3,1,18.7,0
53.31,1,3,14.4,1
45.89,1,2,15.6,1
74.8,2,1,57.8,0
54.09,1,3,35.3,1
51.98,1,2,12.6,1
50.85,1,0,7.7,0
75.77,2,0,16.5,0
113.04,3,1,31.4,0
76.22,2,1,46.4,1
49.49,1,3,11.9,0
117.23,3,1,7.2,0
46.7,1,3,5.4,0
42.14,1,2,18.6,1
44.74,1,0,53.2,0
54.97,1,1,3.5,0
81.27,2,0,13.5,0
79.36,2,1,16.1,1
107.45,3,1,49.7,0
82.43,2,0,48.6,0
75.75,2,0,47.3,0
51.53,1,4,8.7,0
46.34,1,1,14.6,1
75.51,2,0,55.2,1
46.81,1,2,19.7,1
108.12,3,1,36.5,0
49.76,1,0,42.8,0
51.18,1,6,2.1,1
31.56,1,1,27.5,0
45.96,1,3,9.1,0
48.04,1,2,19.6,1
87.53,2,0,57.6,0
44.6,1,4,16.7,1
80.81,2,0,47.1,1
57.48,1,2,17.9,1
43.44,1,0,6.7,0
51.97,1,0,11.0,0
105.99,3,0,59.0,0
47.48,1,1,29.2,1
75.98,2,0,1.7,0
46.34,1,4,12.3,1
93.61,2,0,30.4,0
54.22,1,2,26.4,1
85.51,2,0,33.4,0
82.46,2,1,7.0,0
101.97,3,1,37.3,0
51.97,1,0,52.1,1
55.36,1,3,3.0,0
45.73,1,1,35.0,1
114.83,3,0,14.9,0
83.52,2,0,24.2,0
89.26,2,0,14.0,1
47.91,1,5,7.5,1
44.51,1,2,6.5,1
48.19,1,2,6.4,1
117.18,3,0,49.3,0
70.86,2,0,3.9,0
99.66,3,1,6.1,0
50.45,1,4,2.3,0
77.79,2,0,41.6,0
80.04,2,0,32.0,0
54.73,1,3,22.5,1
107.24,3,0,30.4,0
100.63,3,2,14.1,0
120.22,3,1,48.5,0
75.01,2,0,18.4,0
44.7,1,3,5.2,1
55.52,1,3,15.8,0
108.08,3,1,10.9,0
49.68,1,2,6.5,1
82.41,2,1,4.0,0
85.42,2,0,3.1,0
78.33,2,0,30.3,0
117.6,3,0,13.7,0
39.32,1,2,1.6,0
53.8,1,2,18.5,0
45.8,1,3,20.0,1
56.86,1,3,24.3,0
50.71,1,1,9.0,0
46.64,1,2,6.1,1
113.31,3,0,42.9,0
114.47,3,0,40.9,0
53.21,1,1,24.2,0
44.85,1,0,9.1,0
107.58,3,2,30.5,0
49.98,1,2,10.7,1
49.79,1,1,10.2,1
53.75,1,1,12.5,0
69.93,2,0,6.5,0
51.67,1,3,8.1,1
108.55,3,0,44.8,0
45.81,1,2,6.6,1
76.29,2,0,18.4,0
48.93,1,3,21.6,1
31.99,1,2,5.1,1
76.49,2,2,32.6,0
75.62,2,2,18.9,1
82.66,2,1,24.4,0
75.97,2,0,3.4,0
108.92,3,0,7.0,1
117.71,3,1,54.2,0
84.97,2,0,31.9,0
54.51,1,2,13.9,1
47.5,1,4,6.4,1
52.72,1,2,9.5,1
78.83,2,1,54.6,0
49.02,1,2,14.7,1
52.05,1,4,10.8,1
107.02,3,0,36.5,0
117.47,3,1,40.8,0
109.2,3,1,30.4,0
53.09,1,0,49.5,0
87.28,2,0,11.8,0
55.16,1,2,12.8,1
42.96,1,2,28.4,1
52.22,1,2,15.6,0
54.25,1,3,17.9,1
54.46,1,3,27.8,1
104.43,3,0,37.9,0
46.71,1,2,32.1,1
84.97,2,1,21.4,1
76.19,2,1,37.0,1
48.5,1,3,20.4,1
57.88,1,2,9.4,0
49.76,1,3,31.7,0
76.37,2,0,15.9,0
45.61,1,4,11.3,1
51.66,1,4,16.8,0
43.33,1,3,14.6,0
78.76,2,0,37.8,0
111.67,3,0,31.1,0
56.5,1,3,2.3,0
83.34,2,2,8.6,0
76.43,2,0,48.9,0
115.89,3,0,29.5,0
108.5,3,0,9.6,0
73.82,2,0,28.4,0
79.14,2,0,15.9,0
117.19,3,0,14.2,0
50.83,1,1,48.5,1
50.06,1,2,19.5,1
58.19,1,0,3.7,0
102.84,3,2,58.2,0
103.57,3,2,27.2,1
41.92,1,4,12.5,1
81.86,2,1,25.1,0
50.83,1,1,22.6,1
57.71,1,2,22.1,0
111.22,3,0,24.9,1
47.98,1,1,32.6,0
50.01,1,1,19.4,1
80.59,2,2,38.7,0
71.64,2,0,28.9,0
63.55,1,4,2.3,0
82.6,2,1,49.0,0
81.05,2,0,7.7,0
53.08,1,1,28.4,0
53.55,1,0,27.1,1
79.3,2,1,8.1,1
46.84,1,3,22.3,1
113.0,3,0,44.4,0
111.93,3,0,8.7,0
105.95,3,0,39.6,0
57.1,1,0,49.8,0
111.47,3,0,53.5,0
53.65,1,4,30.2,1
56.96,1,0,17.5,1
50.11,1,2,10.6,0
51.58,1,2,3.8,1
84.05,2,2,32.9,0
46.38,1,3,12.6,0
50.27,1,3,29.8,1
80.63,2,1,53.9,0
45.22,1,2,2.9,0
91.59,2,1,34.2,0
42.96,1,3,39.8,1
103.51,3,0,15.5,0
116.57,3,0,31.9,0
53.57,1,4,21.0,1
44.87,1,1,12.6,0
53.04,1,4,30.5,1
117.34,3,0,59.6,0
49.85,1,5,9.8,1
62.99,1,1,33.6,0
41.38,1,2,20.3,0
53.47,1,2,39.9,1
55.83,1,3,34.4,1
114.46,3,2,11.5,0
48.98,1,0,54.1,0
48.55,1,1,9.9,0
112.22,3,0,6.6,0
114.08,3,1,32.5,1
53.01,1,2,23.8,0
55.2,1,3,14.0,1
44.91,1,3,33.6,1
108.86,3,0,4.1,0
45.3,1,2,2.2,1
108.07,3,0,28.2,0
85.08,2,0,16.7,0
80.54,2,0,3.9,0
63.03,1,1,6.1,0
50.97,1,2,48.3,0
50.3,1,2,21.5,1
50.53,1,2,10.0,0
76.81,2,0,15.7,0
109.71,3,0,39.5,0
85.64,2,0,57.3,0
80.57,2,0,18.7,0
46.03,1,4,1.6,1
45.37,1,1,30.9,0
47.75,1,2,37.7,1
80.37,2,0,9.0,0
115.97,3,0,58.4,0
73.3,2,0,27.0,0
48.4,1,1,57.2,0
50.72,1,1,21.7,1
70.83,2,1,32.3,0
45.83,1,0,37.5,1
106.6,3,1,43.6,0
106.02,3,0,37.6,0
80.96,2,1,25.6,0
49.2,1,2,6.6,1
47.22,1,1,56.9,0
52.14,1,2,1.6,0
58.62,1,2,35.7,0
58.2,1,4,25.5,1
70.39,2,0,39.5,0
82.89,2,0,29.0,1
49.11,1,4,27.7,1
50.78,1,3,8.1,1
48.01,1,3,26.3,1
50.59,1,1,48.4,1
110.76,3,1,8.4,1
47.11,1,1,15.5,1
45.52,1,2,6.1,0
47.76,1,2,15.1,0
111.17,3,1,33.8,0
82.99,2,0,42.9,0
54.27,1,1,18.9,0
77.53,2,0,6.5,0
81.42,2,0,19.4,0
114.81,3,1,46.5,0
55.83,1,3,34.3,1
109.71,3,0,54.9,0
108.9,3,0,23.4,0
110.96,3,1,23.0,0
74.25,2,1,25.0,0
79.03,2,0,23.2,0
53.72,1,2,36.8,1
83.21,2,2,8.0,1
78.65,2,0,2.2,0
81.09,2,2,26.9,0
45.88,1,3,4.0,1
83.52,2,0,2.7,0
109.61,3,0,28.8,0
48.62,1,4,2.3,1
108.19,3,1,27.7,0
79.69,2,1,17.4,0
107.76,3,0,36.6,0
53.29,1,2,12.1,1
48.02,1,2,33.3,0
117.96,3,0,39.2,0
57.33,1,1,27.9,1
105.54,3,1,23.1,0
50.35,1,2,10.8,0
76.75,2,1,17.7,0
48.37,1,2,2.6,1
90.01,2,0,6.0,1
48.46,1,1,1.3,0
51.8,1,0,15.9,1
52.71,1,2,5.5,0
45.0,1,1,40.6,1
105.72,3,1,57.0,0
103.97,3,0,59.4,0
45.57,1,4,16.4,1
65.75,2,0,3.3,1
52.72,1,5,7.3,1
90.27,2,0,13.0,0
110.74,3,0,53.9,0
102.92,3,0,19.7,0
46.79,1,0,20.3,0
77.71,2,1,55.1,0
44.91,1,1,1.8,0
114.3,3,2,12.4,0
54.05,1,2,25.9,0
74.22,2,0,42.3,0
83.63,2,0,39.2,0
87.63,2,1,40.5,0
59.51,1,0,52.9,0
124.33,3,1,8.1,0
45.49,1,3,7.8,1
94.12,2,0,43.8,0
48.23,1,2,31.9,1
47.04,1,2,9.4,1
81.64,2,1,2.0,0
47.09,1,3,4.6,0
52.0,1,1,8.0,0
43.4,1,1,15.0,1
48.81,1,3,7.9,0
86.43,2,2,21.4,1
109.71,3,1,11.5,0
50.71,1,3,23.3,1
52.38,1,0,37.1,1
55.85,1,3,17.5,1
41.72,1,3,31.2,0
82.92,2,0,57.3,0
78.66,2,2,32.6,0
50.83,1,4,4.4,1
55.3,1,1,1.6,1
44.03,1,2,7.3,1
104.94,3,1,30.3,0
100.32,3,1,2.3,0
47.25,1,2,58.4,0
56.65,1,5,1.4,1
109.4,3,1,23.6,0
103.3,3,0,32.0,1
47.57,1,2,9.3,0
42.56,1,1,22.9,1
44.37,1,4,3.3,1
81.94,2,0,15.6,0
44.13,1,2,13.4,1
55.56,1,2,23.3,0
79.64,2,0,1.4,0
50.43,1,3,25.4,1
78.61,2,0,14.5,0
53.86,1,5,7.8,1
53.92,1,1,12.5,0
81.68,2,0,50.7,0
52.82,1,1,16.8,0
108.94,3,1,22.3,1
82.71,2,1,18.6,0
48.31,1,3,3.1,1
80.01,2,0,7.0,0
48.63,1,2,6.7,1
107.71,3,0,20.7,0
46.55,1,2,2.5,1
82.34,2,1,5.3,0
56.55,1,0,40.6,1
55.86,1,3,10.3,1
103.72,3,1,6.2,0
116.45,3,0,12.9,0
48.41,1,0,7.1,0
53.0,1,3,1.6,1
105.47,3,1,59.3,0
110.71,3,0,3.0,0
51.57,1,3,11.9,1
42.58,1,4,10.7,1
53.04,1,0,21.0,0
116.73,3,1,20.6,0
49.13,1,1,53.8,0
56.8,1,3,2.1,0
79.05,2,0,46.7,0
54.25,1,5,4.9,1
38.91,1,2,23.6,0
62.09,1,2,9.6,1
57.48,1,3,18.3,1
48.58,1,1,6.5,0
70.14,2,0,7.7,0
51.44,1,3,18.6,0
72.78,2,0,49.5,0
112.22,3,1,8.9,0
82.06,2,1,41.3,1
45.29,1,1,18.0,0
55.6,1,2,25.6,1
54.03,1,3,16.4,1
54.88,1,1,11.1,0
50.04,1,2,28.3,1
72.92,2,0,11.4,0
54.89,1,0,34.5,0
48.65,1,4,11.8,1
43.05,1,3,17.5,1
86.76,2,1,57.1,0
60.5,1,2,32.0,1
79.79,2,1,50.0,0
60.8,1,2,58.5,0
110.46,3,3,28.0,0
108.1,3,0,6.7,0
46.85,1,4,17.7,1
58.19,1,1,23.5,0
46.1,1,0,3.0,1
53.68,1,0,29.5,0
77.2,2,1,55.6,0
107.7,3,0,11.1,0
85.15,2,1,51.1,0
108.1,3,1,25.7,0
47.98,1,2,9.1,0
55.66,1,1,21.0,1
87.99,2,0,27.6,1
53.22,1,2,18.2,0
76.73,2,0,18.9,0
47.45,1,1,22.3,1
50.4,1,6,3.8,1
111.6,3,0,1.6,0
45.06,1,2,14.2,0
113.62,3,0,42.6,0
110.43,3,0,24.9,0
71.42,2,0,20.5,0
75.36,2,0,52.5,0
77.48,2,1,55.1,0
109.64,3,0,56.9,0
59.45,1,2,17.1,0
51.19,1,1,54.8,0
75.8,2,0,44.5,0
51.1,1,0,10.1,0
48.24,1,3,7.0,1
51.62,1,1,2.6,0
82.9,2,1,42.8,0
116.05,3,1,44.3,0
49.88,1,2,16.2,1
118.19,3,1,11.2,0
84.54,2,0,38.1,0
106.46,3,1,11.6,0
91.05,2,0,41.9,1
81.63,2,0,40.8,0
45.82,1,3,6.6,0
118.26,3,0,12.0,0
60.39,1,1,25.5,1
109.83,3,0,29.1,0
107.48,3,0,44.4,0
49.14,1,3,17.6,0
53.57,1,1,39.8,0
86.39,2,0,11.4,0
52.85,1,1,33.1,0
110.51,3,2,38.1,1
57.49,1,1,22.7,1
48.44,1,3,3.9,0
115.15,3,1,59.3,0
78.56,2,2,10.3,0
112.16,3,3,43.4,0
49.43,1,2,30.7,1
79.72,2,0,18.4,0
78.11,2,0,11.5,0
86.72,2,1,11.5,0
76.34,2,0,51.2,1
76.3,2,0,52.5,0
60.6,1,2,7.9,1
54.89,1,1,7.1,0
68.07,2,0,34.3,1
47.17,1,2,29.7,0
70.94,2,2,26.9,0
45.25,1,1,25.0,0
64.31,2,0,22.5,0
79.32,2,0,32.0,0
44.29,1,3,36.7,0
50.3,1,0,18.0,1
41.87,1,1,27.9,1
80.41,2,0,19.0,1
107.93,3,1,35.1,0
57.51,1,2,18.7,0
87.06,2,0,45.4,0
53.93,1,2,7.0,0
48.37,1,0,6.0,1
119.93,3,0,48.3,0
42.23,1,5,1.0,1
42.98,1,2,29.1,1
49.58,1,1,7.6,1
61.27,1,2,14.6,1
48.99,1,4,12.1,0
49.08,1,1,19.0,1
72.79,2,0,49.6,0
54.73,1,5,21.7,0
84.77,2,2,9.6,1
53.95,1,1,46.9,0
46.85,1,1,6.5,1
76.47,2,1,22.8,1
103.53,3,0,19.7,0
50.42,1,3,31.5,0
104.6,3,0,41.5,0
74.11,2,1,10.9,0
77.88,2,0,17.1,0
77.55,2,0,39.5,0
47.31,1,4,15.9,1
52.33,1,8,6.6,1
80.4,2,0,47.9,0
48.56,1,3,6.9,1
110.92,3,0,53.0,0
45.04,1,1,44.4,0
50.53,1,0,19.6,0
80.75,2,0,24.3,0
42.48,1,1,12.4,1
84.98,2,0,53.8,0
75.59,2,0,11.5,0
110.45,3,1,31.4,0
85.82,2,1,8.0,0
84.63,2,0,17.5,0
80.17,2,1,41.5,0
108.19,3,0,5.6,0
54.74,1,1,7.6,1
53.37,1,1,31.4,1
46.91,1,1,19.6,1
46.03,1,4,10.4,1
69.64,2,1,45.2,0
80.77,2,0,46.5,1
79.59,2,0,6.4,0
55.68,1,3,25.4,0
81.8,2,0,55.2,0
56.67,1,0,13.0,0
76.51,2,0,56.1,0
85.69,2,0,32.1,0
47.36,1,1,6.9,0
53.89,1,2,13.1,1
42.71,1,2,0.1,1
111.18,3,1,17.7,0
100.08,3,0,32.9,0
78.66,2,3,29.5,0
52.2,1,1,7.6,1
47.4,1,4,6.2,0
74.75,2,0,48.3,0
84.23,2,3,29.4,0
49.48,1,3,8.0,1
47.55,1,1,36.2,1
80.21,2,0,19.7,0
63.18,1,0,1.3,0
55.77,1,1,40.0,1
55.81,1,3,23.9,1
82.18,2,0,7.3,0
110.83,3,1,42.4,0
98.02,3,0,2.2,0
76.61,2,2,2.6,0
77.6,2,1,32.0,0
40.63,1,3,6.7,0
74.21,2,0,7.8,1
40.1,1,2,27.2,1
79.81,2,0,39.3,0
54.09,1,2,4.8,0
55.53,1,5,12.1,1
52.07,1,3,18.9,1
45.18,1,2,12.8,1
40.34,1,1,11.0,0
41.22,1,4,26.9,1
103.66,3,0,26.7,0
45.56,1,2,28.4,1
79.2,2,2,7.2,1
104.93,3,0,34.4,0
111.69,3,0,39.0,0
78.84,2,0,9.1,0
110.05,3,1,14.2,0
55.7,1,4,7.0,1
44.1,1,2,34.8,1
52.09,1,1,12.2,0
79.93,2,1,34.6,0
78.33,2,0,56.2,0
54.43,1,3,12.6,1
54.4,1,3,12.0,0
75.27,2,2,35.1,1
49.09,1,4,10.2,1
81.41,2,0,25.6,0
78.63,2,0,16.8,0
82.93,2,0,53.6,0
81.41,2,1,50.9,0
119.16,3,0,24.8,0
42.35,1,3,2.8,0
79.39,2,0,27.4,0
75.46,2,0,11.7,0
53.02,1,2,9.4,0
41.91,1,1,8.9,1
51.73,1,1,6.8,0
46.85,1,3,27.2,1
76.33,2,1,3.8,0
102.77,3,0,24.7,0
47.67,1,5,5.5,1
55.42,1,2,15.7,1
109.87,3,1,5.6,0
53.14,1,0,15.4,1
58.32,1,6,6.0,1
81.32,2,0,42.1,1
77.21,2,0,42.2,0
52.34,1,2,6.9,0
47.28,1,4,6.2,0
47.48,1,3,1.8,1
72.4,2,0,13.7,0
84.63,2,1,10.4,1
48.07,1,0,10.6,1
80.91,2,3,49.4,0
104.82,3,1,50.9,0
52.18,1,0,51.8,0
46.19,1,1,28.9,1
79.29,2,0,44.9,0
54.39,1,3,7.4,1
53.95,1,3,10.0,1
79.89,2,1,17.5,0
101.16,3,1,35.8,0
124.96,3,1,17.6,0
88.73,2,1,7.6,0
83.61,2,0,34.5,0
46.23,1,2,5.3,1
79.43,2,1,11.4,1
47.28,1,1,9.2,1
56.32,1,1,0.2,1
81.31,2,0,8.3,0
76.08,2,2,27.0,0
47.65,1,3,8.2,1
115.61,3,2,19.6,0
58.0,1,0,27.2,0
57.64,1,4,13.9,1
53.79,1,3,25.9,1
78.74,2,0,39.7,0
63.79,2,2,6.9,0
51.49,1,0,52.0,0
79.99,2,0,50.1,0
50.7,1,2,8.1,1
80.27,2,1,28.5,0
43.37,1,0,27.6,1
52.79,1,0,21.6,1
113.16,3,0,44.5,0
53.41,1,1,52.9,0
54.73,1,6,3.5,1
83.02,2,1,27.8,0
107.95,3,0,51.7,0
49.65,1,5,4.6,1
50.46,1,4,7.0,0
50.54,1,1,33.3,0
84.99,2,1,39.5,0
53.22,1,3,10.0,0
90.39,2,1,28.9,0
121.03,3,2,6.6,0
50.4,1,2,16.9,1
30.82,1,0,51.5,0
56.18,1,2,2.5,1
47.3,1,2,14.1,1
105.99,3,2,19.2,1
48.01,1,4,16.6,1
47.77,1,0,11.9,1
83.06,2,1,40.5,0
42.2,1,1,38.2,1
74.61,2,1,8.1,1
51.72,1,3,26.2,1
113.11,3,1,22.6,0
113.21,3,0,41.2,0
76.06,2,0,11.5,1
105.11,3,1,38.1,0
47.47,1,0,21.2,0
51.2,1,1,24.8,1
87.43,2,0,33.9,0
69.76,2,1,50.5,0
48.9,1,1,46.0,0
43.34,1,2,8.0,0
41.74,1,3,4.6,1
54.83,1,3,2.6,0
52.72,1,2,1.5,0
82.25,2,0,14.2,0
54.61,1,2,16.0,1
47.6,1,1,31.3,1
77.84,2,0,24.1,0
90.93,2,0,34.2,0
108.77,3,1,42.7,0
83.68,2,1,57.2,0
50.03,1,7,7.3,1
100.76,3,0,4.4,0
69.78,2,0,15.6,0
47.11,1,3,3.9,0
85.28,2,1,37.4,0
113.94,3,1,42.9,0
54.57,1,2,19.2,0
45.06,1,2,32.3,1
58.08,1,2,27.7,0
45.18,1,1,11.6,1
51.06,1,1,1.0,0
79.95,2,0,7.5,0
49.13,1,1,18.8,0
116.69,3,0,2.5,0
76.47,2,1,47.2,0
73.25,2,0,4.1,0
110.1,3,2,45.2,0
48.0,1,2,4.1,0
66.89,1,5,3.1,1
83.38,2,0,50.6,0
107.95,3,0,57.1,0
74.72,2,1,25.5,0
40.6,1,1,6.2,1
104.87,3,0,38.0,0
50.57,1,2,25.5,0
117.14,3,0,48.4,0
115.61,3,0,18.4,0
51.15,1,0,16.7,0
78.38,2,0,39.7,0
51.34,1,2,15.2,1
47.41,1,2,9.0,0
88.59,2,1,5.0,0
79.05,2,0,46.3,1
109.57,3,0,40.9,0
68.92,2,0,25.3,0
49.02,1,3,26.0,1
114.18,3,0,25.2,0
104.66,3,0,28.6,1
46.25,1,5,7.4,1
113.96,3,2,50.6,0
42.62,1,3,31.2,0
115.29,3,1,41.2,0
47.34,1,1,5.6,1
48.06,1,1,25.1,1
44.38,1,1,6.9,1
81.89,2,0,26.6,0
62.3,1,4,3.0,1
53.91,1,4,3.3,0
75.68,2,0,35.7,0
115.68,3,0,52.0,0
48.42,1,2,2.5,0
56.87,1,0,12.6,0
54.03,1,0,28.2,0
35.28,1,1,20.7,1
104.98,3,1,11.1,0
114.72,3,0,4.3,0
80.76,2,0,31.6,0
44.88,1,4,15.0,1
76.83,2,0,3.1,0
70.47,2,2,21.6,0
109.56,3,1,40.1,0
91.05,2,0,8.7,0
84.02,2,0,14.9,0
90.95,2,1,32.6,0
54.41,1,1,45.1,1
115.14,3,0,18.0,0
89.87,2,0,29.8,0
81.89,2,0,24.6,0
49.06,1,2,2.8,1
85.16,2,0,5.2,0
87.27,2,0,34.4,0
47.6,1,2,50.9,0
46.39,1,3,34.9,1
80.69,2,0,42.2,0
84.16,2,0,23.4,0
83.99,2,1,14.0,1
42.88,1,1,15.9,1
89.56,2,1,36.6,0
46.79,1,1,10.1,1
48.67,1,4,7.2,1
45.49,1,0,25.6,0
63.49,1,5,20.1,1
51.21,1,4,21.9,1
45.75,1,0,55.3,0
54.32,1,0,42.5,0
53.85,1,2,7.9,1
79.06,2,1,32.4,0
54.2,1,2,11.8,0
45.87,1,0,8.3,0
107.54,3,0,29.7,0
39.95,1,2,10.4,0
73.38,2,0,17.8,1
59.04,1,4,8.4,1
58.21,1,1,17.8,1
80.33,2,1,3.1,0
88.31,2,0,4.4,0
109.2,3,0,7.7,0
78.78,2,0,10.1,0
110.28,3,0,59.4,0
49.38,1,1,21.3,0
48.92,1,2,18.2,0
55.72,1,3,4.1,0
50.75,1,1,38.5,0
83.56,2,2,39.5,0
85.16,2,0,11.4,0
51.94,1,1,55.2,0
105.15,3,0,48.2,0
103.24,3,1,14.6,0
50.74,1,2,29.7,0
49.14,1,1,28.0,0
50.44,1,3,21.6,0
49.92,1,3,14.3,1
62.92,1,2,7.4,0
73.35,2,0,25.5,0
40.05,1,2,26.3,0
51.66,1,2,12.5,1
108.12,3,0,51.8,0
81.58,2,0,13.9,0
112.92,3,2,7.1,0
56.42,1,0,37.5,0
42.46,1,1,11.3,0
77.22,2,0,5.4,0
52.14,1,7,6.2,1
53.85,1,1,14.0,0
90.97,2,1,22.3,0
84.78,2,0,16.3,0
49.72,1,1,6.5,0
45.55,1,7,7.1,1
47.18,1,1,2.6,0
47.04,1,4,11.7,1
53.28,1,0,21.1,0
51.28,1,1,35.5,1
43.38,1,3,5.3,1
107.82,3,1,17.5,0
84.39,2,2,45.2,0
81.76,2,0,50.1,0
52.84,1,3,15.2,0
51.91,1,1,59.6,0
58.13,1,1,2.2,0
51.18,1,3,13.8,0
48.07,1,1,34.4,1
75.42,2,0,12.5,0
81.25,2,0,21.3,1
67.8,2,1,21.7,1
49.08,1,2,26.9,1
108.97,3,0,29.0,0
43.18,1,0,58.3,0
45.36,1,2,24.2,1
54.05,1,3,13.9,0
81.15,2,1,31.3,0
110.51,3,0,39.3,0
51.53,1,3,14.2,1
110.46,3,0,34.5,0
116.21,3,0,25.6,0
50.62,1,1,18.6,1
42.71,1,3,29.0,1
58.15,1,1,30.5,0
111.85,3,2,15.9,0
47.05,1,1,32.0,1
73.73,2,0,20.9,0
51.98,1,5,10.4,1
79.41,2,1,4.4,0
57.87,1,2,20.6,0
78.27,2,0,6.6,0
105.81,3,0,6.0,0
114.48,3,1,39.8,0
114.63,3,0,23.7,0
50.84,1,2,52.4,0
83.38,2,1,31.5,0
49.81,1,2,5.7,1
51.17,1,4,24.1,1
85.82,2,0,37.8,0
53.13,1,1,37.7,1
79.15,2,0,18.5,1
116.76,3,1,10.9,0
38.18,1,1,6.5,1
90.26,2,0,24.1,0
41.47,1,3,9.6,1
46.86,1,1,55.4,0
49.8,1,4,11.6,1
109.27,3,1,37.1,0
115.03,3,0,22.4,0
104.71,3,0,6.6,0
111.3,3,1,27.8,0
47.11,1,5,4.4,1
51.48,1,1,25.0,0
79.68,2,0,24.0,0
50.46,1,2,39.1,1
47.25,1,0,2.8,0
47.45,1,4,11.0,1
81.44,2,0,48.9,0
84.72,2,0,55.3,0
47.01,1,1,6.0,1
45.66,1,1,44.1,1
83.07,2,2,12.7,0
79.84,2,1,4.5,1
54.15,1,1,40.5,1
75.47,2,1,54.3,0
41.1,1,4,3.6,1
47.33,1,3,4.5,0
76.17,2,0,6.3,0
79.61,2,1,15.7,1
46.82,1,3,1.7,1
83.71,2,1,31.1,0
78.56,2,0,27.9,0
80.75,2,1,28.3,1
80.79,2,0,53.5,0
80.97,2,0,6.3,0
49.88,1,1,22.0,1
52.55,1,1,33.4,1
46.02,1,1,13.6,0
57.0,1,2,12.5,1
78.82,2,0,42.2,0
73.44,2,0,1.9,0
50.94,1,2,8.4,1
45.74,1,2,3.6,1
53.33,1,2,1.8,1
61.05,1,2,17.9,1
76.07,2,0,14.7,0
51.66,1,4,23.0,1
71.22,2,2,16.7,0
112.27,3,1,24.0,0
45.57,1,2,19.6,1
46.88,1,2,2.5,1
44.49,1,1,6.3,0
83.66,2,0,13.1,0
85.04,2,1,12.8,0
50.12,1,1,7.4,0
75.68,2,0,13.2,0
117.95,3,0,36.8,0
46.25,1,1,16.7,1
39.19,1,1,0.1,1
112.29,3,0,29.0,0
74.48,2,1,4.1,0
114.94,3,0,57.6,0
78.09,2,1,10.9,0
113.02,3,1,40.4,0
57.01,1,2,54.9,0
73.96,2,0,32.0,1
107.17,3,1,13.9,0
79.62,2,0,19.6,0
57.69,1,1,2.8,0
46.71,1,0,37.2,0
47.03,1,3,4.1,1
52.39,1,1,17.2,1
47.11,1,7,1.6,0
80.76,2,2,49.3,0
72.24,2,0,38.2,1
61.07,1,0,7.3,1
73.26,2,1,21.5,0
48.39,1,2,16.6,1
49.84,1,2,19.3,1
59.56,1,3,6.1,1
73.38,2,0,6.2,0
59.92,1,0,47.1,0
53.79,1,1,10.2,0
52.09,1,2,10.0,1
105.08,3,1,50.0,0
52.86,1,7,9.0,1
76.38,2,0,36.7,0
86.33,2,0,11.4,1
75.14,2,0,34.6,0
109.43,3,0,36.5,0
47.22,1,3,58.1,0
45.06,1,1,2.2,1
113.71,3,0,13.7,0
52.68,1,2,4.4,0
86.05,2,2,37.0,1
71.1,2,1,33.4,0
85.32,2,0,7.6,0
122.53,3,1,22.5,0
107.74,3,0,11.5,0
89.48,2,0,20.6,0
48.68,1,2,41.4,1
103.14,3,0,41.3,0
48.47,1,1,1.4,0
55.24,1,0,15.9,0
105.81,3,2,1.6,0
47.0,1,1,36.7,1
52.97,1,3,28.7,0
50.02,1,2,5.7,1
112.92,3,0,44.3,0
81.19,2,1,31.6,0
82.4,2,1,48.5,0
47.84,1,1,42.6,0
81.16,2,0,15.4,0
75.36,2,0,32.3,0
56.44,1,3,27.0,1
46.83,1,3,24.2,1
55.64,1,2,11.6,0
108.83,3,1,14.2,0
81.01,2,1,17.6,0
107.53,3,2,1.6,0
44.92,1,4,32.9,1
71.28,2,2,41.5,0
74.72,2,1,41.7,0
78.38,2,1,34.8,0
111.06,3,0,41.7,0
55.05,1,2,56.4,1
47.77,1,2,23.7,0
75.59,2,1,43.0,0
72.79,2,0,22.2,0
82.4,2,1,7.8,1
56.92,1,1,11.7,1
86.33,2,2,19.4,1
53.55,1,3,1.3,0
53.19,1,2,7.7,1
88.49,2,0,8.9,0
81.66,2,0,27.8,0
53.23,1,2,16.0,1
48.4,1,2,16.1,0
43.19,1,0,38.9,1
46.58,1,1,11.1,1
79.95,2,0,51.4,0
110.3,3,1,11.5,0
59.63,1,1,22.7,0
80.41,2,2,32.7,1
115.89,3,0,36.7,0
107.82,3,1,5.6,0
48.44,1,2,9.0,1
103.35,3,3,36.3,0
46.29,1,3,3.7,1
52.63,1,1,34.5,1
50.04,1,3,33.2,0
54.71,1,0,54.7,0
50.91,1,5,5.0,1
48.24,1,3,6.3,1
60.74,1,1,51.2,0
109.53,3,0,32.8,1
115.82,3,2,28.7,0
47.99,1,0,13.5,0
113.55,3,2,54.7,0
114.64,3,0,43.6,0
81.04,2,0,17.6,0
38.23,1,2,21.1,0
80.09,2,0,41.5,0
116.15,3,0,29.2,0
82.64,2,0,5.8,0
52.23,1,1,9.3,0
71.39,2,0,45.0,0
76.4,2,0,20.4,0
82.06,2,0,31.0,0
52.05,1,0,46.2,0
56.07,1,2,36.4,1
109.28,3,0,10.9,0
112.03,3,2,6.8,0
50.08,1,2,35.9,0
105.07,3,0,44.8,0
38.72,1,2,1.4,1
82.16,2,1,14.1,1
80.87,2,0,52.3,0
106.91,3,0,56.7,0
101.9,3,0,27.8,0
53.15,1,5,1.6,1
108.67,3,0,16.2,0
52.78,1,3,14.7,0
89.32,2,2,15.1,0
69.29,2,1,30.1,0
76.5,2,0,35.4,0
48.95,1,0,8.2,0
117.27,3,0,53.5,0
41.82,1,3,9.8,1
59.68,1,1,36.2,0
80.68,2,0,35.1,1
49.52,1,0,34.9,1
109.01,3,1,20.7,1
47.82,1,4,6.3,1
55.24,1,0,10.4,1
104.66,3,0,31.5,0
81.73,2,0,31.0,0
48.08,1,3,13.2,1
76.19,2,0,42.3,0
92.93,2,0,2.7,0
82.1,2,1,41.7,0
53.07,1,2,12.9,1
115.69,3,0,41.7,0
102.89,3,1,27.1,1
88.76,2,0,58.7,0
37.46,1,4,14.2,1
106.16,3,1,59.0,0
77.7,2,2,4.8,0
82.91,2,1,41.3,0
51.09,1,0,27.8,0
109.17,3,0,49.5,0
79.94,2,0,47.6,0
45.11,1,1,19.7,1
42.51,1,4,6.6,0
113.63,3,0,19.8,1
53.47,1,3,13.6,0
117.92,3,1,2.5,0
76.05,2,1,13.8,0
83.46,2,2,29.3,0
48.58,1,1,32.7,1
55.95,1,2,13.9,0
115.11,3,1,7.7,0
51.06,1,0,39.1,0
78.3,2,1,59.0,0
54.8,1,3,20.3,1
53.23,1,2,13.6,1
46.58,1,1,3.9,1
73.36,2,2,34.3,1
108.56,3,2,58.6,0
57.58,1,1,5.4,1
55.73,1,4,16.7,1
44.44,1,4,12.7,1
74.16,2,2,58.2,0
56.37,1,1,4.1,1
104.32,3,0,35.1,0
82.55,2,0,47.8,0
76.92,2,1,32.5,0
58.09,1,5,25.1,0
106.15,3,1,39.7,0
55.72,1,3,16.9,0
50.92,1,2,16.0,1
81.26,2,0,59.5,0
70.15,2,0,38.6,0
38.99,1,2,5.5,1
48.9,1,4,17.1,1
81.23,2,1,39.5,0
44.37,1,2,36.4,1
104.56,3,0,17.9,0
82.81,2,1,38.6,0
52.81,1,3,23.5,1
49.31,1,3,6.1,1
53.9,1,6,10.1,1
74.13,2,0,17.4,0
78.22,2,0,17.9,0
58.24,1,4,27.0,1
80.34,2,1,58.4,0
110.63,3,0,57.3,0
61.53,1,2,14.4,0
103.0,3,0,19.0,0
53.98,1,3,3.1,0
58.32,1,6,24.2,1
48.38,1,3,24.4,1
54.3,1,3,21.8,1
45.09,1,1,15.0,0
46.57,1,1,16.7,0
111.92,3,1,14.0,0
113.99,3,0,12.4,1
85.6,2,1,34.5,1
57.85,1,1,10.4,1
49.66,1,3,11.6,1
55.97,1,1,35.4,0
78.29,2,1,16.2,0
114.51,3,0,14.5,0
51.04,1,3,1.5,0
52.23,1,2,24.1,1
82.12,2,0,51.0,0
41.98,1,2,16.2,1
44.38,1,2,5.4,0
80.51,2,1,46.0,0
71.56,2,0,3.7,0
54.16,1,1,7.2,0
54.36,1,3,26.9,1
111.64,3,0,29.1,0
44.39,1,3,7.3,1
56.9,1,4,4.2,1
60.19,1,1,10.0,0
50.74,1,1,14.3,0
52.55,1,1,17.9,0
111.01,3,0,8.3,0
52.65,1,0,18.0,0
49.4,1,2,11.1,1
79.83,2,0,15.2,0
84.53,2,1,2.9,1
121.73,3,4,28.7,0
103.0,3,3,20.1,0
49.48,1,3,7.9,1
74.1,2,0,42.9,0
57.96,1,4,24.9,1
107.06,3,0,1.4,0
42.78,1,1,4.5,1
113.19,3,0,4.9,0
88.72,2,0,56.4,0
53.32,1,1,2.7,0
81.02,2,1,46.5,0
112.05,3,0,32.5,0
117.07,3,0,30.8,0
45.63,1,3,5.3,0
79.44,2,0,15.1,0
47.74,1,5,9.6,1
44.16,1,4,25.5,1
48.36,1,2,12.2,1
55.54,1,2,14.3,1
112.83,3,1,4.5,0
53.22,1,1,41.2,0
110.73,3,0,17.4,0
52.62,1,2,4.2,0
46.0,1,0,40.3,0
48.45,1,3,29.7,0
50.96,1,3,1.7,0
51.39,1,3,6.4,1
51.6,1,3,38.2,1
79.31,2,0,4.8,0
48.11,1,1,2.2,1
65.79,1,1,19.4,0
54.53,1,1,6.2,0
112.07,3,0,45.8,0
108.83,3,1,31.9,0
47.74,1,0,19.1,0
49.35,1,0,25.0,0
51.46,1,0,2.3,0
100.6,3,1,40.1,0
42.15,1,0,22.6,0
46.82,1,1,5.3,1
51.04,1,3,15.7,1
48.8,1,1,18.1,1
57.39,1,2,47.8,0
72.59,2,1,18.0,1
46.24,1,3,13.9,1
87.6,2,1,24.0,0
50.66,1,3,8.1,0
54.42,1,0,22.1,1
120.26,3,0,45.9,0
46.53,1,1,10.7,1
109.5,3,1,51.9,0
78.64,2,1,35.8,0
40.23,1,2,26.8,1
108.45,3,1,2.0,0
54.41,1,3,12.9,1
112.7,3,0,38.8,0
53.1,1,2,6.3,0
108.12,3,1,28.1,0
46.72,1,2,16.9,1
86.35,2,0,43.3,0
77.51,2,1,25.9,1
111.47,3,0,32.4,0
110.82,3,2,3.6,0
117.31,3,0,57.5,0
114.86,3,0,55.8,0
43.52,1,4,18.0,1
44.06,1,0,6.8,0
52.89,1,6,7.0,1
49.68,1,4,11.9,0
47.72,1,7,0.6,1
85.08,2,0,13.3,0
50.94,1,2,17.0,1
80.26,2,0,33.2,0
53.9,1,1,2.0,0
48.12,1,2,33.8,1
87.84,2,0,12.1,0
76.06,2,1,35.8,1
83.28,2,1,21.9,0
87.17,2,0,9.5,1
43.11,1,1,1.7,0
78.28,2,2,14.8,1
55.71,1,1,37.1,0
55.79,1,2,25.9,0
49.14,1,3,6.7,0
46.33,1,2,32.0,1
54.78,1,3,2.6,1
115.92,3,0,59.3,0
104.18,3,0,57.1,0
43.98,1,2,42.8,1
51.13,1,5,7.5,1
53.15,1,3,7.2,0
48.5,1,2,17.5,0
113.4,3,0,15.9,0
46.45,1,1,5.2,0
69.43,2,0,58.4,0
47.88,1,1,4.5,0
110.32,3,3,12.1,1
48.62,1,0,21.4,1
74.21,2,0,23.2,0
40.92,1,0,2.1,0
77.43,2,1,1.4,0
54.49,1,5,13.0,0
56.28,1,1,22.6,1
115.94,3,1,28.0,0
105.92,3,0,18.5,1
104.23,3,1,46.5,0
82.48,2,3,23.3,0
113.18,3,0,10.5,0
52.0,1,4,32.4,1
39.93,1,2,14.1,1
45.67,1,3,17.9,0
79.85,2,0,46.1,0
52.44,1,2,37.4,1
53.84,1,3,42.3,1
80.72,2,2,9.1,0
111.65,3,0,30.7,0
50.42,1,1,6.5,0
53.43,1,1,21.2,1
51.56,1,2,13.7,0
50.33,1,2,12.6,0
48.66,1,3,18.2,1
80.41,2,2,12.0,1
82.42,2,0,42.2,0
81.34,2,0,8.1,0
51.9,1,2,19.7,1
116.71,3,0,49.2,0
51.33,1,0,4.0,1
46.76,1,3,8.8,0
114.42,3,0,11.1,0
43.17,1,1,52.0,0
44.59,1,1,8.1,1
111.68,3,3,42.6,0
52.58,1,3,23.0,0
73.77,2,2,29.4,1
48.09,1,1,35.3,1
76.97,2,2,20.5,0
47.57,1,3,32.1,1
54.72,1,3,11.2,0
83.53,2,1,8.2,0
49.9,1,4,8.3,1
47.27,1,4,6.1,1
43.25,1,4,5.4,1
57.1,1,1,10.3,0
52.96,1,1,4.6,1
46.47,1,3,10.2,1
113.6,3,1,18.0,0
49.65,1,5,12.4,1
48.56,1,7,1.2,1
52.18,1,1,20.0,1
46.29,1,2,25.7,1
108.28,3,1,3.6,0
50.61,1,2,19.9,1
107.5,3,0,11.0,0
53.35,1,4,0.7,1
89.35,2,0,28.1,0
76.23,2,1,24.8,1
101.67,3,1,20.2,0
69.99,2,0,34.9,0
79.25,2,0,11.1,0
46.68,1,2,2.3,0
51.04,1,4,19.9,1
110.66,3,0,31.5,0
41.98,1,4,6.4,1
40.93,1,2,39.3,0
81.48,2,1,54.0,0
50.68,1,5,7.3,1
107.87,3,1,1.5,0
71.71,2,0,38.2,0
82.36,2,0,40.8,0
116.36,3,1,31.8,0
51.39,1,2,13.5,1
45.76,1,2,17.8,1
50.22,1,5,1.7,1
43.17,1,0,38.2,1
85.29,2,0,15.5,0
110.41,3,0,27.9,0
41.16,1,1,6.5,1
48.5,1,3,15.1,1
112.32,3,0,36.3,0
48.33,1,2,2.7,0
48.62,1,3,3.4,1
43.88,1,3,12.4,1
112.83,3,0,26.1,0
76.76,2,0,12.3,0
69.22,2,1,5.7,0
108.14,3,1,40.7,0
54.91,1,1,19.7,0
48.07,1,0,14.5,0
118.69,3,2,23.4,0
52.14,1,3,9.5,1
81.69,2,1,40.6,0
109.36,3,3,15.4,1
79.66,2,0,51.9,0
78.68,2,0,13.9,0
108.49,3,1,38.6,0
112.65,3,0,7.0,0
45.32,1,1,33.3,0
44.62,1,1,35.5,0
44.38,1,2,13.8,0
90.23,2,1,24.1,0
52.65,1,0,8.6,1
81.52,2,0,9.8,0
44.71,1,2,18.7,1
83.12,2,1,55.6,1
49.42,1,5,8.0,1
81.07,2,1,34.1,1
75.12,2,0,34.2,1
50.8,1,0,13.0,0
47.88,1,2,13.9,0
76.17,2,0,45.8,0
53.67,1,1,5.2,1
42.31,1,3,4.6,0
112.82,3,0,20.0,0
83.42,2,0,24.5,0
105.6,3,0,49.9,0
45.9,1,2,25.9,0
48.88,1,1,55.6,0
111.41,3,0,59.8,0
79.24,2,0,47.1,0
82.17,2,1,40.3,0
58.81,1,3,6.3,1
47.46,1,2,5.0,0
41.42,1,3,20.5,1
54.13,1,2,2.8,1
58.42,1,1,21.7,0
51.96,1,3,15.9,1
104.56,3,1,28.4,0
49.38,1,3,31.4,1
74.41,2,0,24.5,0
113.21,3,0,9.9,0
73.24,2,2,28.2,0
48.5,1,3,7.6,1
74.98,2,1,48.3,0
80.63,2,1,13.1,0
78.17,2,1,8.7,1
80.88,2,2,55.7,0
110.11,3,0,8.3,0
75.07,2,0,16.0,0
53.13,1,1,16.5,0
79.76,2,0,34.7,0
45.06,1,3,5.9,1
121.2,3,0,5.7,0
52.38,1,1,3.8,1
49.23,1,0,6.8,0
117.08,3,0,36.8,0
89.21,2,0,30.9,0
